CallUpRef,TenderCode,BlanketPORef,ItemRef,DisplayRef,ScheduleRef,EventCode,EventLabel,WindowCode,SubPORef,QtyRequired,QtyDelivered,Status
0438-RH-01-SCH-0438-01-E11,TND-2026-0138,BPO-0438,RH-01,RH-01 ALT,SCH-0438-01,SCH-0438-01-E11,Level 11,W2,SPO-0438-01,10,0,Overdue
0438-RH-01-SCH-0438-01-E12,TND-2026-0138,BPO-0438,RH-01,RH-01 ALT,SCH-0438-01,SCH-0438-01-E12,Level 12,W2,SPO-0438-01,9,0,Dispatched
0438-BSN-01-SCH-0438-02-E08,TND-2026-0138,BPO-0438,BSN-01,BSN-01,SCH-0438-02,SCH-0438-02-E08,Level 8,W2,SPO-0438-02,7,7,Received on site
0438-BSN-01-SCH-0438-02-E09,TND-2026-0138,BPO-0438,BSN-01,BSN-01,SCH-0438-02,SCH-0438-02-E09,Level 9,W2,SPO-0438-02,6,6,Received on site
0438-BSN-01-SCH-0438-02-E10,TND-2026-0138,BPO-0438,BSN-01,BSN-01,SCH-0438-02,SCH-0438-02-E10,Level 10,W2,SPO-0438-02,6,6,Received on site
0438-OVN-01-SCH-0438-01-E01,TND-2026-0138,BPO-0438,OVN-01,OVN-01,SCH-0438-01,SCH-0438-01-E01,Level 1,W1,SPO-0438-03,8,8,Received on site
0438-OVN-01-SCH-0438-01-E02,TND-2026-0138,BPO-0438,OVN-01,OVN-01,SCH-0438-01,SCH-0438-01-E02,Level 2,W1,SPO-0438-03,8,8,Received on site
0438-OVN-01-SCH-0438-01-E03,TND-2026-0138,BPO-0438,OVN-01,OVN-01,SCH-0438-01,SCH-0438-01-E03,Level 3,W1,SPO-0438-03,8,8,Received on site
0438-OVN-01-SCH-0438-01-E04,TND-2026-0138,BPO-0438,OVN-01,OVN-01,SCH-0438-01,SCH-0438-01-E04,Level 4,W1,SPO-0438-03,8,8,Received on site
0438-OVN-01-SCH-0438-01-E05,TND-2026-0138,BPO-0438,OVN-01,OVN-01,SCH-0438-01,SCH-0438-01-E05,Level 5,W1,SPO-0438-03,7,7,Received on site
0438-OVN-01-SCH-0438-01-E06,TND-2026-0138,BPO-0438,OVN-01,OVN-01,SCH-0438-01,SCH-0438-01-E06,Level 6,W1,SPO-0438-03,7,7,Received on site
0438-OVN-01-SCH-0438-01-E07,TND-2026-0138,BPO-0438,OVN-01,OVN-01,SCH-0438-01,SCH-0438-01-E07,Level 7,W2,SPO-0438-04,7,7,Received on site
0438-OVN-01-SCH-0438-01-E08,TND-2026-0138,BPO-0438,OVN-01,OVN-01,SCH-0438-01,SCH-0438-01-E08,Level 8,W2,SPO-0438-01,7,7,Received on site
0438-OVN-01-SCH-0438-01-E09,TND-2026-0138,BPO-0438,OVN-01,OVN-01,SCH-0438-01,SCH-0438-01-E09,Level 9,W2,SPO-0438-01,7,7,Received on site
0438-OVN-01-SCH-0438-01-E10,TND-2026-0138,BPO-0438,OVN-01,OVN-01,SCH-0438-01,SCH-0438-01-E10,Level 10,W2,SPO-0438-01,7,7,Received on site
0438-SS-01-SCH-0438-02-E11,TND-2026-0138,BPO-0438,SS-01,SS-01,SCH-0438-02,SCH-0438-02-E11,Level 11,W2,SPO-0438-02,2,2,Received on site
0438-SS-01-SCH-0438-02-E12,TND-2026-0138,BPO-0438,SS-01,SS-01,SCH-0438-02,SCH-0438-02-E12,Level 12,W2,SPO-0438-02,1,1,Received on site
0438-OVN-02-SCH-0438-01-E11,TND-2026-0138,BPO-0438,OVN-02,OVN-02,SCH-0438-01,SCH-0438-01-E11,Level 11,W2,SPO-0438-01,2,0,Overdue
0438-OVN-02-SCH-0438-01-E12,TND-2026-0138,BPO-0438,OVN-02,OVN-02,SCH-0438-01,SCH-0438-01-E12,Level 12,W2,SPO-0438-01,1,0,Dispatched
0438-CT-01-SCH-0438-01-E11,TND-2026-0138,BPO-0438,CT-01,CT-01,SCH-0438-01,SCH-0438-01-E11,Level 11,W2,SPO-0438-01,2,0,Overdue
0438-CT-01-SCH-0438-01-E12,TND-2026-0138,BPO-0438,CT-01,CT-01,SCH-0438-01,SCH-0438-01-E12,Level 12,W2,SPO-0438-01,1,0,Dispatched
0438-BSN-02-SCH-0438-02-E11,TND-2026-0138,BPO-0438,BSN-02,BSN-02,SCH-0438-02,SCH-0438-02-E11,Level 11,W2,SPO-0438-02,3,3,Received on site
0438-BSN-02-SCH-0438-02-E12,TND-2026-0138,BPO-0438,BSN-02,BSN-02,SCH-0438-02,SCH-0438-02-E12,Level 12,W2,SPO-0438-02,3,3,Received on site
0438-DW-01-SCH-0438-01-E11,TND-2026-0138,BPO-0438,DW-01,DW-01,SCH-0438-01,SCH-0438-01-E11,Level 11,W2,SPO-0438-01,2,0,Overdue
0438-DW-01-SCH-0438-01-E12,TND-2026-0138,BPO-0438,DW-01,DW-01,SCH-0438-01,SCH-0438-01-E12,Level 12,W2,SPO-0438-01,1,0,Dispatched
0438-RH-02-SCH-0438-01-E01,TND-2026-0138,BPO-0438,RH-02,RH-02,SCH-0438-01,SCH-0438-01-E01,Level 1,W1,SPO-0438-03,8,8,Received on site
0438-RH-02-SCH-0438-01-E02,TND-2026-0138,BPO-0438,RH-02,RH-02,SCH-0438-01,SCH-0438-01-E02,Level 2,W1,SPO-0438-03,8,8,Received on site
0438-RH-02-SCH-0438-01-E03,TND-2026-0138,BPO-0438,RH-02,RH-02,SCH-0438-01,SCH-0438-01-E03,Level 3,W1,SPO-0438-03,8,8,Received on site
0438-RH-02-SCH-0438-01-E04,TND-2026-0138,BPO-0438,RH-02,RH-02,SCH-0438-01,SCH-0438-01-E04,Level 4,W1,SPO-0438-03,8,8,Received on site
0438-RH-02-SCH-0438-01-E05,TND-2026-0138,BPO-0438,RH-02,RH-02,SCH-0438-01,SCH-0438-01-E05,Level 5,W1,SPO-0438-03,7,7,Received on site
0438-RH-02-SCH-0438-01-E06,TND-2026-0138,BPO-0438,RH-02,RH-02,SCH-0438-01,SCH-0438-01-E06,Level 6,W1,SPO-0438-03,7,7,Received on site
0438-RH-02-SCH-0438-01-E07,TND-2026-0138,BPO-0438,RH-02,RH-02,SCH-0438-01,SCH-0438-01-E07,Level 7,W2,SPO-0438-04,7,7,Received on site
0438-RH-02-SCH-0438-01-E08,TND-2026-0138,BPO-0438,RH-02,RH-02,SCH-0438-01,SCH-0438-01-E08,Level 8,W2,SPO-0438-01,7,7,Received on site
0438-RH-02-SCH-0438-01-E09,TND-2026-0138,BPO-0438,RH-02,RH-02,SCH-0438-01,SCH-0438-01-E09,Level 9,W2,SPO-0438-01,7,7,Received on site
0438-RH-02-SCH-0438-01-E10,TND-2026-0138,BPO-0438,RH-02,RH-02,SCH-0438-01,SCH-0438-01-E10,Level 10,W2,SPO-0438-01,7,7,Received on site
0438-SS-02-SCH-0438-02-E08,TND-2026-0138,BPO-0438,SS-02,SS-02,SCH-0438-02,SCH-0438-02-E08,Level 8,W2,SPO-0438-02,7,7,Received on site
0438-SS-02-SCH-0438-02-E09,TND-2026-0138,BPO-0438,SS-02,SS-02,SCH-0438-02,SCH-0438-02-E09,Level 9,W2,SPO-0438-02,6,6,Received on site
0438-SS-02-SCH-0438-02-E10,TND-2026-0138,BPO-0438,SS-02,SS-02,SCH-0438-02,SCH-0438-02-E10,Level 10,W2,SPO-0438-02,6,6,Received on site
0438-MW-01-SCH-0438-01-E08,TND-2026-0138,BPO-0438,MW-01,MW-01,SCH-0438-01,SCH-0438-01-E08,Level 8,W2,SPO-0438-01,7,7,Received on site
0438-MW-01-SCH-0438-01-E09,TND-2026-0138,BPO-0438,MW-01,MW-01,SCH-0438-01,SCH-0438-01-E09,Level 9,W2,SPO-0438-01,6,6,Received on site
0438-MW-01-SCH-0438-01-E10,TND-2026-0138,BPO-0438,MW-01,MW-01,SCH-0438-01,SCH-0438-01-E10,Level 10,W2,SPO-0438-01,6,6,Received on site
0438-BSN-03-SCH-0438-02-E08,TND-2026-0138,BPO-0438,BSN-03,BSN-03 ALT RH,SCH-0438-02,SCH-0438-02-E08,Level 8,W2,SPO-0438-02,25,25,Received on site
0438-BSN-03-SCH-0438-02-E09,TND-2026-0138,BPO-0438,BSN-03,BSN-03 ALT RH,SCH-0438-02,SCH-0438-02-E09,Level 9,W2,SPO-0438-02,25,25,Received on site
0438-BSN-03-SCH-0438-02-E10,TND-2026-0138,BPO-0438,BSN-03,BSN-03 ALT RH,SCH-0438-02,SCH-0438-02-E10,Level 10,W2,SPO-0438-02,24,24,Received on site
0438-RH-03-SCH-0438-01-E08,TND-2026-0138,BPO-0438,RH-03,RH-03,SCH-0438-01,SCH-0438-01-E08,Level 8,W2,SPO-0438-01,7,7,Received on site
0438-RH-03-SCH-0438-01-E09,TND-2026-0138,BPO-0438,RH-03,RH-03,SCH-0438-01,SCH-0438-01-E09,Level 9,W2,SPO-0438-01,6,6,Received on site
0438-RH-03-SCH-0438-01-E10,TND-2026-0138,BPO-0438,RH-03,RH-03,SCH-0438-01,SCH-0438-01-E10,Level 10,W2,SPO-0438-01,6,6,Received on site
0438-BSN-04-SCH-0438-02-E11,TND-2026-0138,BPO-0438,BSN-04,BSN-04 ALT,SCH-0438-02,SCH-0438-02-E11,Level 11,W2,SPO-0438-02,10,10,Received on site
0438-BSN-04-SCH-0438-02-E12,TND-2026-0138,BPO-0438,BSN-04,BSN-04 ALT,SCH-0438-02,SCH-0438-02-E12,Level 12,W2,SPO-0438-02,9,9,Received on site
0438-DW-02-SCH-0438-01-E01,TND-2026-0138,BPO-0438,DW-02,DW-02,SCH-0438-01,SCH-0438-01-E01,Level 1,W1,SPO-0438-03,8,8,Received on site
0438-DW-02-SCH-0438-01-E02,TND-2026-0138,BPO-0438,DW-02,DW-02,SCH-0438-01,SCH-0438-01-E02,Level 2,W1,SPO-0438-03,8,8,Received on site
0438-DW-02-SCH-0438-01-E03,TND-2026-0138,BPO-0438,DW-02,DW-02,SCH-0438-01,SCH-0438-01-E03,Level 3,W1,SPO-0438-03,8,8,Received on site
0438-DW-02-SCH-0438-01-E04,TND-2026-0138,BPO-0438,DW-02,DW-02,SCH-0438-01,SCH-0438-01-E04,Level 4,W1,SPO-0438-03,8,8,Received on site
0438-DW-02-SCH-0438-01-E05,TND-2026-0138,BPO-0438,DW-02,DW-02,SCH-0438-01,SCH-0438-01-E05,Level 5,W1,SPO-0438-03,7,7,Received on site
0438-DW-02-SCH-0438-01-E06,TND-2026-0138,BPO-0438,DW-02,DW-02,SCH-0438-01,SCH-0438-01-E06,Level 6,W1,SPO-0438-03,7,7,Received on site
0438-DW-02-SCH-0438-01-E07,TND-2026-0138,BPO-0438,DW-02,DW-02,SCH-0438-01,SCH-0438-01-E07,Level 7,W2,SPO-0438-04,7,7,Received on site
0438-DW-02-SCH-0438-01-E08,TND-2026-0138,BPO-0438,DW-02,DW-02,SCH-0438-01,SCH-0438-01-E08,Level 8,W2,SPO-0438-01,7,7,Received on site
0438-DW-02-SCH-0438-01-E09,TND-2026-0138,BPO-0438,DW-02,DW-02,SCH-0438-01,SCH-0438-01-E09,Level 9,W2,SPO-0438-01,7,7,Received on site
0438-DW-02-SCH-0438-01-E10,TND-2026-0138,BPO-0438,DW-02,DW-02,SCH-0438-01,SCH-0438-01-E10,Level 10,W2,SPO-0438-01,7,7,Received on site
0438-SS-03-SCH-0438-02-E01,TND-2026-0138,BPO-0438,SS-03,SS-03,SCH-0438-02,SCH-0438-02-E01,Level 1,W1,SPO-0438-05,8,8,Received on site
0438-SS-03-SCH-0438-02-E02,TND-2026-0138,BPO-0438,SS-03,SS-03,SCH-0438-02,SCH-0438-02-E02,Level 2,W1,SPO-0438-05,8,8,Received on site
0438-SS-03-SCH-0438-02-E03,TND-2026-0138,BPO-0438,SS-03,SS-03,SCH-0438-02,SCH-0438-02-E03,Level 3,W1,SPO-0438-05,8,8,Received on site
0438-SS-03-SCH-0438-02-E04,TND-2026-0138,BPO-0438,SS-03,SS-03,SCH-0438-02,SCH-0438-02-E04,Level 4,W1,SPO-0438-05,8,8,Received on site
0438-SS-03-SCH-0438-02-E05,TND-2026-0138,BPO-0438,SS-03,SS-03,SCH-0438-02,SCH-0438-02-E05,Level 5,W1,SPO-0438-05,7,7,Received on site
0438-SS-03-SCH-0438-02-E06,TND-2026-0138,BPO-0438,SS-03,SS-03,SCH-0438-02,SCH-0438-02-E06,Level 6,W1,SPO-0438-05,7,7,Received on site
0438-SS-03-SCH-0438-02-E07,TND-2026-0138,BPO-0438,SS-03,SS-03,SCH-0438-02,SCH-0438-02-E07,Level 7,W2,SPO-0438-06,7,7,Received on site
0438-SS-03-SCH-0438-02-E08,TND-2026-0138,BPO-0438,SS-03,SS-03,SCH-0438-02,SCH-0438-02-E08,Level 8,W2,SPO-0438-02,7,7,Received on site
0438-SS-03-SCH-0438-02-E09,TND-2026-0138,BPO-0438,SS-03,SS-03,SCH-0438-02,SCH-0438-02-E09,Level 9,W2,SPO-0438-02,7,7,Received on site
0438-SS-03-SCH-0438-02-E10,TND-2026-0138,BPO-0438,SS-03,SS-03,SCH-0438-02,SCH-0438-02-E10,Level 10,W2,SPO-0438-02,7,7,Received on site
0438-RH-04-SCH-0438-01-E11,TND-2026-0138,BPO-0438,RH-04,RH-04,SCH-0438-01,SCH-0438-01-E11,Level 11,W2,SPO-0438-01,2,0,Overdue
0438-RH-04-SCH-0438-01-E12,TND-2026-0138,BPO-0438,RH-04,RH-04,SCH-0438-01,SCH-0438-01-E12,Level 12,W2,SPO-0438-01,1,0,Dispatched
0438-MX-01-SCH-0438-02-E01,TND-2026-0138,BPO-0438,MX-01,MX-01,SCH-0438-02,SCH-0438-02-E01,Level 1,W1,SPO-0438-05,8,8,Received on site
0438-MX-01-SCH-0438-02-E02,TND-2026-0138,BPO-0438,MX-01,MX-01,SCH-0438-02,SCH-0438-02-E02,Level 2,W1,SPO-0438-05,8,8,Received on site
0438-MX-01-SCH-0438-02-E03,TND-2026-0138,BPO-0438,MX-01,MX-01,SCH-0438-02,SCH-0438-02-E03,Level 3,W1,SPO-0438-05,8,8,Received on site
0438-MX-01-SCH-0438-02-E04,TND-2026-0138,BPO-0438,MX-01,MX-01,SCH-0438-02,SCH-0438-02-E04,Level 4,W1,SPO-0438-05,8,8,Received on site
0438-MX-01-SCH-0438-02-E05,TND-2026-0138,BPO-0438,MX-01,MX-01,SCH-0438-02,SCH-0438-02-E05,Level 5,W1,SPO-0438-05,7,7,Received on site
0438-MX-01-SCH-0438-02-E06,TND-2026-0138,BPO-0438,MX-01,MX-01,SCH-0438-02,SCH-0438-02-E06,Level 6,W1,SPO-0438-05,7,7,Received on site
0438-MX-01-SCH-0438-02-E07,TND-2026-0138,BPO-0438,MX-01,MX-01,SCH-0438-02,SCH-0438-02-E07,Level 7,W2,SPO-0438-06,7,7,Received on site
0438-MX-01-SCH-0438-02-E08,TND-2026-0138,BPO-0438,MX-01,MX-01,SCH-0438-02,SCH-0438-02-E08,Level 8,W2,SPO-0438-02,7,7,Received on site
0438-MX-01-SCH-0438-02-E09,TND-2026-0138,BPO-0438,MX-01,MX-01,SCH-0438-02,SCH-0438-02-E09,Level 9,W2,SPO-0438-02,7,7,Received on site
0438-MX-01-SCH-0438-02-E10,TND-2026-0138,BPO-0438,MX-01,MX-01,SCH-0438-02,SCH-0438-02-E10,Level 10,W2,SPO-0438-02,7,7,Received on site
0438-CT-02-SCH-0438-01-E08,TND-2026-0138,BPO-0438,CT-02,CT-02,SCH-0438-01,SCH-0438-01-E08,Level 8,W2,SPO-0438-01,7,7,Received on site
0438-CT-02-SCH-0438-01-E09,TND-2026-0138,BPO-0438,CT-02,CT-02,SCH-0438-01,SCH-0438-01-E09,Level 9,W2,SPO-0438-01,6,6,Received on site
0438-CT-02-SCH-0438-01-E10,TND-2026-0138,BPO-0438,CT-02,CT-02,SCH-0438-01,SCH-0438-01-E10,Level 10,W2,SPO-0438-01,6,6,Received on site
0438-KM-01-SCH-0438-02-E11,TND-2026-0138,BPO-0438,KM-01,KM-01,SCH-0438-02,SCH-0438-02-E11,Level 11,W2,SPO-0438-02,2,2,Received on site
0438-KM-01-SCH-0438-02-E12,TND-2026-0138,BPO-0438,KM-01,KM-01,SCH-0438-02,SCH-0438-02-E12,Level 12,W2,SPO-0438-02,1,1,Received on site
0438-DW-03-SCH-0438-01-E01,TND-2026-0138,BPO-0438,DW-03,DW-03 ALT LH,SCH-0438-01,SCH-0438-01-E01,Level 1,W1,SPO-0438-03,8,8,Received on site
0438-DW-03-SCH-0438-01-E02,TND-2026-0138,BPO-0438,DW-03,DW-03 ALT LH,SCH-0438-01,SCH-0438-01-E02,Level 2,W1,SPO-0438-03,8,8,Received on site
0438-DW-03-SCH-0438-01-E03,TND-2026-0138,BPO-0438,DW-03,DW-03 ALT LH,SCH-0438-01,SCH-0438-01-E03,Level 3,W1,SPO-0438-03,8,8,Received on site
0438-DW-03-SCH-0438-01-E04,TND-2026-0138,BPO-0438,DW-03,DW-03 ALT LH,SCH-0438-01,SCH-0438-01-E04,Level 4,W1,SPO-0438-03,8,8,Received on site
0438-DW-03-SCH-0438-01-E05,TND-2026-0138,BPO-0438,DW-03,DW-03 ALT LH,SCH-0438-01,SCH-0438-01-E05,Level 5,W1,SPO-0438-03,7,7,Received on site
0438-DW-03-SCH-0438-01-E06,TND-2026-0138,BPO-0438,DW-03,DW-03 ALT LH,SCH-0438-01,SCH-0438-01-E06,Level 6,W1,SPO-0438-03,7,7,Received on site
0438-DW-03-SCH-0438-01-E07,TND-2026-0138,BPO-0438,DW-03,DW-03 ALT LH,SCH-0438-01,SCH-0438-01-E07,Level 7,W2,SPO-0438-04,7,7,Received on site
0438-DW-03-SCH-0438-01-E08,TND-2026-0138,BPO-0438,DW-03,DW-03 ALT LH,SCH-0438-01,SCH-0438-01-E08,Level 8,W2,SPO-0438-01,7,7,Received on site
0438-DW-03-SCH-0438-01-E09,TND-2026-0138,BPO-0438,DW-03,DW-03 ALT LH,SCH-0438-01,SCH-0438-01-E09,Level 9,W2,SPO-0438-01,7,7,Received on site
0438-DW-03-SCH-0438-01-E10,TND-2026-0138,BPO-0438,DW-03,DW-03 ALT LH,SCH-0438-01,SCH-0438-01-E10,Level 10,W2,SPO-0438-01,7,7,Received on site
0438-TS-01-SCH-0438-02-E11,TND-2026-0138,BPO-0438,TS-01,TS-01,SCH-0438-02,SCH-0438-02-E11,Level 11,W2,SPO-0438-02,3,3,Received on site
0438-TS-01-SCH-0438-02-E12,TND-2026-0138,BPO-0438,TS-01,TS-01,SCH-0438-02,SCH-0438-02-E12,Level 12,W2,SPO-0438-02,3,3,Received on site
0438-MW-02-SCH-0438-01-E01,TND-2026-0138,BPO-0438,MW-02,MW-02,SCH-0438-01,SCH-0438-01-E01,Level 1,W1,SPO-0438-03,8,8,Received on site
0438-MW-02-SCH-0438-01-E02,TND-2026-0138,BPO-0438,MW-02,MW-02,SCH-0438-01,SCH-0438-01-E02,Level 2,W1,SPO-0438-03,8,8,Received on site
0438-MW-02-SCH-0438-01-E03,TND-2026-0138,BPO-0438,MW-02,MW-02,SCH-0438-01,SCH-0438-01-E03,Level 3,W1,SPO-0438-03,8,8,Received on site
0438-MW-02-SCH-0438-01-E04,TND-2026-0138,BPO-0438,MW-02,MW-02,SCH-0438-01,SCH-0438-01-E04,Level 4,W1,SPO-0438-03,8,8,Received on site
0438-MW-02-SCH-0438-01-E05,TND-2026-0138,BPO-0438,MW-02,MW-02,SCH-0438-01,SCH-0438-01-E05,Level 5,W1,SPO-0438-03,7,7,Received on site
0438-MW-02-SCH-0438-01-E06,TND-2026-0138,BPO-0438,MW-02,MW-02,SCH-0438-01,SCH-0438-01-E06,Level 6,W1,SPO-0438-03,7,7,Received on site
0438-MW-02-SCH-0438-01-E07,TND-2026-0138,BPO-0438,MW-02,MW-02,SCH-0438-01,SCH-0438-01-E07,Level 7,W2,SPO-0438-04,7,7,Received on site
0438-MW-02-SCH-0438-01-E08,TND-2026-0138,BPO-0438,MW-02,MW-02,SCH-0438-01,SCH-0438-01-E08,Level 8,W2,SPO-0438-01,7,7,Received on site
0438-MW-02-SCH-0438-01-E09,TND-2026-0138,BPO-0438,MW-02,MW-02,SCH-0438-01,SCH-0438-01-E09,Level 9,W2,SPO-0438-01,7,7,Received on site
0438-MW-02-SCH-0438-01-E10,TND-2026-0138,BPO-0438,MW-02,MW-02,SCH-0438-01,SCH-0438-01-E10,Level 10,W2,SPO-0438-01,7,7,Received on site
0438-CT-03-SCH-0438-01-E11,TND-2026-0138,BPO-0438,CT-03,CT-03,SCH-0438-01,SCH-0438-01-E11,Level 11,W2,SPO-0438-01,2,0,Overdue
0438-CT-03-SCH-0438-01-E12,TND-2026-0138,BPO-0438,CT-03,CT-03,SCH-0438-01,SCH-0438-01-E12,Level 12,W2,SPO-0438-01,1,0,Dispatched
0438-TS-02-SCH-0438-02-E01,TND-2026-0138,BPO-0438,TS-02,TS-02,SCH-0438-02,SCH-0438-02-E01,Level 1,W1,SPO-0438-05,8,8,Received on site
0438-TS-02-SCH-0438-02-E02,TND-2026-0138,BPO-0438,TS-02,TS-02,SCH-0438-02,SCH-0438-02-E02,Level 2,W1,SPO-0438-05,8,8,Received on site
0438-TS-02-SCH-0438-02-E03,TND-2026-0138,BPO-0438,TS-02,TS-02,SCH-0438-02,SCH-0438-02-E03,Level 3,W1,SPO-0438-05,8,8,Received on site
0438-TS-02-SCH-0438-02-E04,TND-2026-0138,BPO-0438,TS-02,TS-02,SCH-0438-02,SCH-0438-02-E04,Level 4,W1,SPO-0438-05,8,8,Received on site
0438-TS-02-SCH-0438-02-E05,TND-2026-0138,BPO-0438,TS-02,TS-02,SCH-0438-02,SCH-0438-02-E05,Level 5,W1,SPO-0438-05,7,7,Received on site
0438-TS-02-SCH-0438-02-E06,TND-2026-0138,BPO-0438,TS-02,TS-02,SCH-0438-02,SCH-0438-02-E06,Level 6,W1,SPO-0438-05,7,7,Received on site
0438-TS-02-SCH-0438-02-E07,TND-2026-0138,BPO-0438,TS-02,TS-02,SCH-0438-02,SCH-0438-02-E07,Level 7,W2,SPO-0438-06,7,7,Received on site
0438-TS-02-SCH-0438-02-E08,TND-2026-0138,BPO-0438,TS-02,TS-02,SCH-0438-02,SCH-0438-02-E08,Level 8,W2,SPO-0438-02,7,7,Received on site
0438-TS-02-SCH-0438-02-E09,TND-2026-0138,BPO-0438,TS-02,TS-02,SCH-0438-02,SCH-0438-02-E09,Level 9,W2,SPO-0438-02,7,7,Received on site
0438-TS-02-SCH-0438-02-E10,TND-2026-0138,BPO-0438,TS-02,TS-02,SCH-0438-02,SCH-0438-02-E10,Level 10,W2,SPO-0438-02,7,7,Received on site
0438-OVN-03-SCH-0438-01-E08,TND-2026-0138,BPO-0438,OVN-03,OVN-03,SCH-0438-01,SCH-0438-01-E08,Level 8,W2,SPO-0438-01,7,7,Received on site
0438-OVN-03-SCH-0438-01-E09,TND-2026-0138,BPO-0438,OVN-03,OVN-03,SCH-0438-01,SCH-0438-01-E09,Level 9,W2,SPO-0438-01,6,6,Received on site
0438-OVN-03-SCH-0438-01-E10,TND-2026-0138,BPO-0438,OVN-03,OVN-03,SCH-0438-01,SCH-0438-01-E10,Level 10,W2,SPO-0438-01,6,6,Received on site
0438-MW-03-SCH-0438-01-E11,TND-2026-0138,BPO-0438,MW-03,MW-03 ALT,SCH-0438-01,SCH-0438-01-E11,Level 11,W2,SPO-0438-01,10,0,Overdue
0438-MW-03-SCH-0438-01-E12,TND-2026-0138,BPO-0438,MW-03,MW-03 ALT,SCH-0438-01,SCH-0438-01-E12,Level 12,W2,SPO-0438-01,9,0,Dispatched
0438-DW-04-SCH-0438-01-E01,TND-2026-0138,BPO-0438,DW-04,DW-04 ALT,SCH-0438-01,SCH-0438-01-E01,Level 1,W1,SPO-0438-03,8,8,Received on site
0438-DW-04-SCH-0438-01-E02,TND-2026-0138,BPO-0438,DW-04,DW-04 ALT,SCH-0438-01,SCH-0438-01-E02,Level 2,W1,SPO-0438-03,8,8,Received on site
0438-DW-04-SCH-0438-01-E03,TND-2026-0138,BPO-0438,DW-04,DW-04 ALT,SCH-0438-01,SCH-0438-01-E03,Level 3,W1,SPO-0438-03,8,8,Received on site
0438-DW-04-SCH-0438-01-E04,TND-2026-0138,BPO-0438,DW-04,DW-04 ALT,SCH-0438-01,SCH-0438-01-E04,Level 4,W1,SPO-0438-03,8,8,Received on site
0438-DW-04-SCH-0438-01-E05,TND-2026-0138,BPO-0438,DW-04,DW-04 ALT,SCH-0438-01,SCH-0438-01-E05,Level 5,W1,SPO-0438-03,7,7,Received on site
0438-DW-04-SCH-0438-01-E06,TND-2026-0138,BPO-0438,DW-04,DW-04 ALT,SCH-0438-01,SCH-0438-01-E06,Level 6,W1,SPO-0438-03,7,7,Received on site
0438-DW-04-SCH-0438-01-E07,TND-2026-0138,BPO-0438,DW-04,DW-04 ALT,SCH-0438-01,SCH-0438-01-E07,Level 7,W2,SPO-0438-04,7,7,Received on site
0438-DW-04-SCH-0438-01-E08,TND-2026-0138,BPO-0438,DW-04,DW-04 ALT,SCH-0438-01,SCH-0438-01-E08,Level 8,W2,SPO-0438-01,7,7,Received on site
0438-DW-04-SCH-0438-01-E09,TND-2026-0138,BPO-0438,DW-04,DW-04 ALT,SCH-0438-01,SCH-0438-01-E09,Level 9,W2,SPO-0438-01,7,7,Received on site
0438-DW-04-SCH-0438-01-E10,TND-2026-0138,BPO-0438,DW-04,DW-04 ALT,SCH-0438-01,SCH-0438-01-E10,Level 10,W2,SPO-0438-01,7,7,Received on site
0438-DW-05-SCH-0438-01-E08,TND-2026-0138,BPO-0438,DW-05,DW-05,SCH-0438-01,SCH-0438-01-E08,Level 8,W2,SPO-0438-01,7,7,Received on site
0438-DW-05-SCH-0438-01-E09,TND-2026-0138,BPO-0438,DW-05,DW-05,SCH-0438-01,SCH-0438-01-E09,Level 9,W2,SPO-0438-01,6,6,Received on site
0438-DW-05-SCH-0438-01-E10,TND-2026-0138,BPO-0438,DW-05,DW-05,SCH-0438-01,SCH-0438-01-E10,Level 10,W2,SPO-0438-01,6,6,Received on site
0438-KM-02-SCH-0438-02-E01,TND-2026-0138,BPO-0438,KM-02,KM-02,SCH-0438-02,SCH-0438-02-E01,Level 1,W1,SPO-0438-05,8,8,Received on site
0438-KM-02-SCH-0438-02-E02,TND-2026-0138,BPO-0438,KM-02,KM-02,SCH-0438-02,SCH-0438-02-E02,Level 2,W1,SPO-0438-05,8,8,Received on site
0438-KM-02-SCH-0438-02-E03,TND-2026-0138,BPO-0438,KM-02,KM-02,SCH-0438-02,SCH-0438-02-E03,Level 3,W1,SPO-0438-05,8,8,Received on site
0438-KM-02-SCH-0438-02-E04,TND-2026-0138,BPO-0438,KM-02,KM-02,SCH-0438-02,SCH-0438-02-E04,Level 4,W1,SPO-0438-05,8,8,Received on site
0438-KM-02-SCH-0438-02-E05,TND-2026-0138,BPO-0438,KM-02,KM-02,SCH-0438-02,SCH-0438-02-E05,Level 5,W1,SPO-0438-05,7,7,Received on site
0438-KM-02-SCH-0438-02-E06,TND-2026-0138,BPO-0438,KM-02,KM-02,SCH-0438-02,SCH-0438-02-E06,Level 6,W1,SPO-0438-05,7,7,Received on site
0438-KM-02-SCH-0438-02-E07,TND-2026-0138,BPO-0438,KM-02,KM-02,SCH-0438-02,SCH-0438-02-E07,Level 7,W2,SPO-0438-06,7,7,Received on site
0438-KM-02-SCH-0438-02-E08,TND-2026-0138,BPO-0438,KM-02,KM-02,SCH-0438-02,SCH-0438-02-E08,Level 8,W2,SPO-0438-02,7,7,Received on site
0438-KM-02-SCH-0438-02-E09,TND-2026-0138,BPO-0438,KM-02,KM-02,SCH-0438-02,SCH-0438-02-E09,Level 9,W2,SPO-0438-02,7,7,Received on site
0438-KM-02-SCH-0438-02-E10,TND-2026-0138,BPO-0438,KM-02,KM-02,SCH-0438-02,SCH-0438-02-E10,Level 10,W2,SPO-0438-02,7,7,Received on site
0438-KM-03-SCH-0438-02-E01,TND-2026-0138,BPO-0438,KM-03,KM-03,SCH-0438-02,SCH-0438-02-E01,Level 1,W1,SPO-0438-05,8,8,Received on site
0438-KM-03-SCH-0438-02-E02,TND-2026-0138,BPO-0438,KM-03,KM-03,SCH-0438-02,SCH-0438-02-E02,Level 2,W1,SPO-0438-05,8,8,Received on site
0438-KM-03-SCH-0438-02-E03,TND-2026-0138,BPO-0438,KM-03,KM-03,SCH-0438-02,SCH-0438-02-E03,Level 3,W1,SPO-0438-05,8,8,Received on site
0438-KM-03-SCH-0438-02-E04,TND-2026-0138,BPO-0438,KM-03,KM-03,SCH-0438-02,SCH-0438-02-E04,Level 4,W1,SPO-0438-05,8,8,Received on site
0438-KM-03-SCH-0438-02-E05,TND-2026-0138,BPO-0438,KM-03,KM-03,SCH-0438-02,SCH-0438-02-E05,Level 5,W1,SPO-0438-05,7,7,Received on site
0438-KM-03-SCH-0438-02-E06,TND-2026-0138,BPO-0438,KM-03,KM-03,SCH-0438-02,SCH-0438-02-E06,Level 6,W1,SPO-0438-05,7,7,Received on site
0438-KM-03-SCH-0438-02-E07,TND-2026-0138,BPO-0438,KM-03,KM-03,SCH-0438-02,SCH-0438-02-E07,Level 7,W2,SPO-0438-06,7,7,Received on site
0438-KM-03-SCH-0438-02-E08,TND-2026-0138,BPO-0438,KM-03,KM-03,SCH-0438-02,SCH-0438-02-E08,Level 8,W2,SPO-0438-02,7,7,Received on site
0438-KM-03-SCH-0438-02-E09,TND-2026-0138,BPO-0438,KM-03,KM-03,SCH-0438-02,SCH-0438-02-E09,Level 9,W2,SPO-0438-02,7,7,Received on site
0438-KM-03-SCH-0438-02-E10,TND-2026-0138,BPO-0438,KM-03,KM-03,SCH-0438-02,SCH-0438-02-E10,Level 10,W2,SPO-0438-02,7,7,Received on site
0438-TS-03-SCH-0438-02-E08,TND-2026-0138,BPO-0438,TS-03,TS-03,SCH-0438-02,SCH-0438-02-E08,Level 8,W2,SPO-0438-02,7,7,Received on site
0438-TS-03-SCH-0438-02-E09,TND-2026-0138,BPO-0438,TS-03,TS-03,SCH-0438-02,SCH-0438-02-E09,Level 9,W2,SPO-0438-02,6,6,Received on site
0438-TS-03-SCH-0438-02-E10,TND-2026-0138,BPO-0438,TS-03,TS-03,SCH-0438-02,SCH-0438-02-E10,Level 10,W2,SPO-0438-02,6,6,Received on site
0438-OVN-04-SCH-0438-01-E01,TND-2026-0138,BPO-0438,OVN-04,OVN-04 ALT,SCH-0438-01,SCH-0438-01-E01,Level 1,W1,SPO-0438-03,1,1,Received on site
0438-OVN-04-SCH-0438-01-E02,TND-2026-0138,BPO-0438,OVN-04,OVN-04 ALT,SCH-0438-01,SCH-0438-01-E02,Level 2,W1,SPO-0438-03,1,1,Received on site
0438-OVN-04-SCH-0438-01-E03,TND-2026-0138,BPO-0438,OVN-04,OVN-04 ALT,SCH-0438-01,SCH-0438-01-E03,Level 3,W1,SPO-0438-03,1,1,Received on site
0438-DW-06-SCH-0438-01-E01,TND-2026-0138,BPO-0438,DW-06,DW-06,SCH-0438-01,SCH-0438-01-E01,Level 1,W1,SPO-0438-03,8,8,Received on site
0438-DW-06-SCH-0438-01-E02,TND-2026-0138,BPO-0438,DW-06,DW-06,SCH-0438-01,SCH-0438-01-E02,Level 2,W1,SPO-0438-03,8,8,Received on site
0438-DW-06-SCH-0438-01-E03,TND-2026-0138,BPO-0438,DW-06,DW-06,SCH-0438-01,SCH-0438-01-E03,Level 3,W1,SPO-0438-03,8,8,Received on site
0438-DW-06-SCH-0438-01-E04,TND-2026-0138,BPO-0438,DW-06,DW-06,SCH-0438-01,SCH-0438-01-E04,Level 4,W1,SPO-0438-03,8,8,Received on site
0438-DW-06-SCH-0438-01-E05,TND-2026-0138,BPO-0438,DW-06,DW-06,SCH-0438-01,SCH-0438-01-E05,Level 5,W1,SPO-0438-03,7,7,Received on site
0438-DW-06-SCH-0438-01-E06,TND-2026-0138,BPO-0438,DW-06,DW-06,SCH-0438-01,SCH-0438-01-E06,Level 6,W1,SPO-0438-03,7,7,Received on site
0438-DW-06-SCH-0438-01-E07,TND-2026-0138,BPO-0438,DW-06,DW-06,SCH-0438-01,SCH-0438-01-E07,Level 7,W2,SPO-0438-04,7,7,Received on site
0438-DW-06-SCH-0438-01-E08,TND-2026-0138,BPO-0438,DW-06,DW-06,SCH-0438-01,SCH-0438-01-E08,Level 8,W2,SPO-0438-01,7,7,Received on site
0438-DW-06-SCH-0438-01-E09,TND-2026-0138,BPO-0438,DW-06,DW-06,SCH-0438-01,SCH-0438-01-E09,Level 9,W2,SPO-0438-01,7,7,Received on site
0438-DW-06-SCH-0438-01-E10,TND-2026-0138,BPO-0438,DW-06,DW-06,SCH-0438-01,SCH-0438-01-E10,Level 10,W2,SPO-0438-01,7,7,Received on site
0438-SS-04-SCH-0438-02-E11,TND-2026-0138,BPO-0438,SS-04,SS-04 ALT,SCH-0438-02,SCH-0438-02-E11,Level 11,W2,SPO-0438-02,10,10,Received on site
0438-SS-04-SCH-0438-02-E12,TND-2026-0138,BPO-0438,SS-04,SS-04 ALT,SCH-0438-02,SCH-0438-02-E12,Level 12,W2,SPO-0438-02,9,9,Received on site
0438-RH-05-SCH-0438-01-E08,TND-2026-0138,BPO-0438,RH-05,RH-05,SCH-0438-01,SCH-0438-01-E08,Level 8,W2,SPO-0438-01,7,7,Received on site
0438-RH-05-SCH-0438-01-E09,TND-2026-0138,BPO-0438,RH-05,RH-05,SCH-0438-01,SCH-0438-01-E09,Level 9,W2,SPO-0438-01,6,6,Received on site
0438-RH-05-SCH-0438-01-E10,TND-2026-0138,BPO-0438,RH-05,RH-05,SCH-0438-01,SCH-0438-01-E10,Level 10,W2,SPO-0438-01,6,6,Received on site
0438-KM-04-SCH-0438-02-E08,TND-2026-0138,BPO-0438,KM-04,KM-04,SCH-0438-02,SCH-0438-02-E08,Level 8,W2,SPO-0438-02,7,7,Received on site
0438-KM-04-SCH-0438-02-E09,TND-2026-0138,BPO-0438,KM-04,KM-04,SCH-0438-02,SCH-0438-02-E09,Level 9,W2,SPO-0438-02,6,6,Received on site
0438-KM-04-SCH-0438-02-E10,TND-2026-0138,BPO-0438,KM-04,KM-04,SCH-0438-02,SCH-0438-02-E10,Level 10,W2,SPO-0438-02,6,6,Received on site
0438-RH-06-SCH-0438-01-E01,TND-2026-0138,BPO-0438,RH-06,RH-06 ALT,SCH-0438-01,SCH-0438-01-E01,Level 1,W1,SPO-0438-03,8,8,Received on site
0438-RH-06-SCH-0438-01-E02,TND-2026-0138,BPO-0438,RH-06,RH-06 ALT,SCH-0438-01,SCH-0438-01-E02,Level 2,W1,SPO-0438-03,8,8,Received on site
0438-RH-06-SCH-0438-01-E03,TND-2026-0138,BPO-0438,RH-06,RH-06 ALT,SCH-0438-01,SCH-0438-01-E03,Level 3,W1,SPO-0438-03,8,8,Received on site
0438-RH-06-SCH-0438-01-E04,TND-2026-0138,BPO-0438,RH-06,RH-06 ALT,SCH-0438-01,SCH-0438-01-E04,Level 4,W1,SPO-0438-03,8,8,Received on site
0438-RH-06-SCH-0438-01-E05,TND-2026-0138,BPO-0438,RH-06,RH-06 ALT,SCH-0438-01,SCH-0438-01-E05,Level 5,W1,SPO-0438-03,7,7,Received on site
0438-RH-06-SCH-0438-01-E06,TND-2026-0138,BPO-0438,RH-06,RH-06 ALT,SCH-0438-01,SCH-0438-01-E06,Level 6,W1,SPO-0438-03,7,7,Received on site
0438-RH-06-SCH-0438-01-E07,TND-2026-0138,BPO-0438,RH-06,RH-06 ALT,SCH-0438-01,SCH-0438-01-E07,Level 7,W2,SPO-0438-04,7,7,Received on site
0438-RH-06-SCH-0438-01-E08,TND-2026-0138,BPO-0438,RH-06,RH-06 ALT,SCH-0438-01,SCH-0438-01-E08,Level 8,W2,SPO-0438-01,7,7,Received on site
0438-RH-06-SCH-0438-01-E09,TND-2026-0138,BPO-0438,RH-06,RH-06 ALT,SCH-0438-01,SCH-0438-01-E09,Level 9,W2,SPO-0438-01,7,7,Received on site
0438-RH-06-SCH-0438-01-E10,TND-2026-0138,BPO-0438,RH-06,RH-06 ALT,SCH-0438-01,SCH-0438-01-E10,Level 10,W2,SPO-0438-01,7,7,Received on site
0438-DW-07-SCH-0438-01-E11,TND-2026-0138,BPO-0438,DW-07,DW-07 ALT,SCH-0438-01,SCH-0438-01-E11,Level 11,W2,SPO-0438-01,2,0,Overdue
0438-DW-07-SCH-0438-01-E12,TND-2026-0138,BPO-0438,DW-07,DW-07 ALT,SCH-0438-01,SCH-0438-01-E12,Level 12,W2,SPO-0438-01,1,0,Dispatched
0438-BSN-05-SCH-0438-02-E01,TND-2026-0138,BPO-0438,BSN-05,BSN-05 ALT,SCH-0438-02,SCH-0438-02-E01,Level 1,W1,SPO-0438-05,1,1,Received on site
0438-BSN-05-SCH-0438-02-E02,TND-2026-0138,BPO-0438,BSN-05,BSN-05 ALT,SCH-0438-02,SCH-0438-02-E02,Level 2,W1,SPO-0438-05,1,1,Received on site
0438-BSN-05-SCH-0438-02-E03,TND-2026-0138,BPO-0438,BSN-05,BSN-05 ALT,SCH-0438-02,SCH-0438-02-E03,Level 3,W1,SPO-0438-05,1,1,Received on site
0438-CT-04-SCH-0438-01-E01,TND-2026-0138,BPO-0438,CT-04,CT-04,SCH-0438-01,SCH-0438-01-E01,Level 1,W1,SPO-0438-03,8,8,Received on site
0438-CT-04-SCH-0438-01-E02,TND-2026-0138,BPO-0438,CT-04,CT-04,SCH-0438-01,SCH-0438-01-E02,Level 2,W1,SPO-0438-03,8,8,Received on site
0438-CT-04-SCH-0438-01-E03,TND-2026-0138,BPO-0438,CT-04,CT-04,SCH-0438-01,SCH-0438-01-E03,Level 3,W1,SPO-0438-03,8,8,Received on site
0438-CT-04-SCH-0438-01-E04,TND-2026-0138,BPO-0438,CT-04,CT-04,SCH-0438-01,SCH-0438-01-E04,Level 4,W1,SPO-0438-03,8,8,Received on site
0438-CT-04-SCH-0438-01-E05,TND-2026-0138,BPO-0438,CT-04,CT-04,SCH-0438-01,SCH-0438-01-E05,Level 5,W1,SPO-0438-03,7,7,Received on site
0438-CT-04-SCH-0438-01-E06,TND-2026-0138,BPO-0438,CT-04,CT-04,SCH-0438-01,SCH-0438-01-E06,Level 6,W1,SPO-0438-03,7,7,Received on site
0438-CT-04-SCH-0438-01-E07,TND-2026-0138,BPO-0438,CT-04,CT-04,SCH-0438-01,SCH-0438-01-E07,Level 7,W2,SPO-0438-04,7,7,Received on site
0438-CT-04-SCH-0438-01-E08,TND-2026-0138,BPO-0438,CT-04,CT-04,SCH-0438-01,SCH-0438-01-E08,Level 8,W2,SPO-0438-01,7,7,Received on site
0438-CT-04-SCH-0438-01-E09,TND-2026-0138,BPO-0438,CT-04,CT-04,SCH-0438-01,SCH-0438-01-E09,Level 9,W2,SPO-0438-01,7,7,Received on site
0438-CT-04-SCH-0438-01-E10,TND-2026-0138,BPO-0438,CT-04,CT-04,SCH-0438-01,SCH-0438-01-E10,Level 10,W2,SPO-0438-01,7,7,Received on site
0438-MX-02-SCH-0438-02-E11,TND-2026-0138,BPO-0438,MX-02,MX-02,SCH-0438-02,SCH-0438-02-E11,Level 11,W2,SPO-0438-02,3,3,Received on site
0438-MX-02-SCH-0438-02-E12,TND-2026-0138,BPO-0438,MX-02,MX-02,SCH-0438-02,SCH-0438-02-E12,Level 12,W2,SPO-0438-02,3,3,Received on site
0438-BSN-06-SCH-0438-02-E01,TND-2026-0138,BPO-0438,BSN-06,BSN-06,SCH-0438-02,SCH-0438-02-E01,Level 1,W1,SPO-0438-05,8,8,Received on site
0438-BSN-06-SCH-0438-02-E02,TND-2026-0138,BPO-0438,BSN-06,BSN-06,SCH-0438-02,SCH-0438-02-E02,Level 2,W1,SPO-0438-05,8,8,Received on site
0438-BSN-06-SCH-0438-02-E03,TND-2026-0138,BPO-0438,BSN-06,BSN-06,SCH-0438-02,SCH-0438-02-E03,Level 3,W1,SPO-0438-05,8,8,Received on site
0438-BSN-06-SCH-0438-02-E04,TND-2026-0138,BPO-0438,BSN-06,BSN-06,SCH-0438-02,SCH-0438-02-E04,Level 4,W1,SPO-0438-05,8,8,Received on site
0438-BSN-06-SCH-0438-02-E05,TND-2026-0138,BPO-0438,BSN-06,BSN-06,SCH-0438-02,SCH-0438-02-E05,Level 5,W1,SPO-0438-05,7,7,Received on site
0438-BSN-06-SCH-0438-02-E06,TND-2026-0138,BPO-0438,BSN-06,BSN-06,SCH-0438-02,SCH-0438-02-E06,Level 6,W1,SPO-0438-05,7,7,Received on site
0438-BSN-06-SCH-0438-02-E07,TND-2026-0138,BPO-0438,BSN-06,BSN-06,SCH-0438-02,SCH-0438-02-E07,Level 7,W2,SPO-0438-06,7,7,Received on site
0438-BSN-06-SCH-0438-02-E08,TND-2026-0138,BPO-0438,BSN-06,BSN-06,SCH-0438-02,SCH-0438-02-E08,Level 8,W2,SPO-0438-02,7,7,Received on site
0438-BSN-06-SCH-0438-02-E09,TND-2026-0138,BPO-0438,BSN-06,BSN-06,SCH-0438-02,SCH-0438-02-E09,Level 9,W2,SPO-0438-02,7,7,Received on site
0438-BSN-06-SCH-0438-02-E10,TND-2026-0138,BPO-0438,BSN-06,BSN-06,SCH-0438-02,SCH-0438-02-E10,Level 10,W2,SPO-0438-02,7,7,Received on site
0438-MX-03-SCH-0438-02-E08,TND-2026-0138,BPO-0438,MX-03,MX-03,SCH-0438-02,SCH-0438-02-E08,Level 8,W2,SPO-0438-02,7,7,Received on site
0438-MX-03-SCH-0438-02-E09,TND-2026-0138,BPO-0438,MX-03,MX-03,SCH-0438-02,SCH-0438-02-E09,Level 9,W2,SPO-0438-02,6,6,Received on site
0438-MX-03-SCH-0438-02-E10,TND-2026-0138,BPO-0438,MX-03,MX-03,SCH-0438-02,SCH-0438-02-E10,Level 10,W2,SPO-0438-02,6,6,Received on site
