TenderCode,LineNumber,ItemRef,IsAlternate,AlternateVariant,DisplayRef,RoomType,UnitTier,ProductFamily,SpecifiedText,SpecifiedBrand,SpecifiedModel,MatchedProductCode,SpecifiedFinish,OrderQty,CutoutW,CutoutH,CutoutD,ScheduleRef,AdjudicationNote,ReasonCode,DeliveredQty,RemainingQty
TND-2026-0138,1,OVN-01,Yes,RH,OVN-01 ALT RH,Kitchen,Standard,Wall Oven,Cassini 600mm Wall Oven,Cassini,05OV60015,MCS-0060,Chrome,72,600,560,550,SCH-0438-01,"The specified Cassini 600mm Wall Oven carries a 6 week lead time. The proposed Cassini 600mm Wall Oven model 05OV60016 matches the specified cut-out of 600 x 560 x 550mm, carries GEMS registration G554322 with a 3.5 star energy rating against the specified 3.0, is project approved.",LEADTIME_SUB,38,34
TND-2026-0138,2,OVN-02,No,,OVN-02,Kitchen,Premium,Wall Oven,Cassini 750mm Wall Oven,Cassini,05OV75001,MCS-0045,Gloss White,24,750,590,560,SCH-0438-01,,EXACT,11,13
TND-2026-0138,3,CT-01,Yes,LH,CT-01 ALT LH,Kitchen,Standard,Cooktop,Valdora 900mm Cooktop,Valdora,01CT90010,MCS-0087,Chrome,72,900,590,560,SCH-0438-01,"The specified Valdora 900mm Cooktop carries a 6 week lead time. The proposed Nordveld 900mm Cooktop model 02CT90002 matches the specified cut-out of 900 x 590 x 560mm, carries GEMS registration G978083 with a 4.5 star energy rating against the specified 3.0, is project approved.",LEADTIME_SUB,38,34
TND-2026-0138,4,CT-02,No,,CT-02,Kitchen,Premium,Cooktop,Nordveld 750mm Cooktop,Nordveld,02CT75007,MCS-0092,Matte Black,24,750,600,570,SCH-0438-01,,EXACT,11,13
TND-2026-0138,5,DW-01,Yes,,DW-01 ALT,Kitchen,Standard,Dishwasher,Valdora 450mm Dishwasher,Valdora,01DW45008,MCS-0166,Stainless Steel,72,450,595,580,SCH-0438-01,"The specified Valdora 450mm Dishwasher is discontinued. The proposed Nordveld 450mm Dishwasher model 02DW45009 matches the specified cut-out of 450 x 595 x 580mm, carries GEMS registration G423622 with a 3.0 star energy rating against the specified 2.5, is project approved.",DISCONTINUED_SUB,38,34
TND-2026-0138,6,DW-02,No,,DW-02,Kitchen,Premium,Dishwasher,Ambrisi 600mm Dishwasher,Ambrisi,03DW60005,MCS-0177,Gloss White,24,600,600,550,SCH-0438-01,,EXACT,11,13
TND-2026-0138,7,RH-01,Yes,,RH-01 ALT,Kitchen,Standard,Rangehood,Thornbury 600mm Rangehood,Thornbury,04RH60004,MCS-0262,Stainless Steel,72,600,600,560,SCH-0438-01,"The specified Thornbury 600mm Rangehood carries a 16 week lead time. The proposed Thornbury 600mm Rangehood model 04RH60006 matches the specified cut-out of 600 x 600 x 560mm, is project approved.",LEADTIME_SUB,38,34
TND-2026-0138,8,RH-02,No,,RH-02,Kitchen,Premium,Rangehood,Garrow 900mm Rangehood,Garrow,06RH90009,MCS-0290,Gunmetal,24,900,600,580,SCH-0438-01,,EXACT,11,13
TND-2026-0138,9,MW-01,Yes,,MW-01 ALT,Kitchen,Standard,Microwave,Cassini 600mm Microwave,Cassini,05MW60005,MCS-0301,Gunmetal,72,600,560,560,SCH-0438-01,"The specified Cassini 600mm Microwave is discontinued. The proposed Valdora 600mm Microwave model 01MW60006 matches the specified cut-out of 600 x 560 x 560mm, is project approved.",DISCONTINUED_SUB,38,34
TND-2026-0138,10,MW-02,No,,MW-02,Butlers Pantry,Premium,Microwave,Cassini 900mm Microwave,Cassini,05MW90010,MCS-0350,Chrome,24,900,590,580,SCH-0438-01,,EXACT,11,13
TND-2026-0138,11,KM-01,No,,KM-01,Kitchen,Standard,Kitchen Sink Mixer,Peralta Kitchen Sink Mixer,Peralta,08KM005,MCS-0491,Gloss White,72,,,,SCH-0438-02,,EXACT,42,30
TND-2026-0138,12,KM-02,No,,KM-02,Kitchen,Premium,Kitchen Sink Mixer,Peralta Kitchen Sink Mixer,Peralta,08KM008,MCS-0494,Chrome,24,,,,SCH-0438-02,,EXACT,12,12
TND-2026-0138,13,BSN-01,Yes,,BSN-01 ALT,Main Bathroom,Standard,Basin,Havelock Basin,Havelock,09BN001,MCS-0372,Stainless Steel,72,,,,SCH-0438-02,"The specified Havelock Basin is discontinued. The proposed Havelock Basin model 09BN003 holds WaterMark certificate WMKA29652, is project approved.",DISCONTINUED_SUB,42,30
TND-2026-0138,14,BSN-02,No,,BSN-02,Ensuite,Standard,Basin,Havelock Basin,Havelock,09BN005,MCS-0374,Chrome,72,,,,SCH-0438-02,,EXACT,42,30
TND-2026-0138,15,BSN-03,No,,BSN-03,Main Bathroom,Premium,Basin,Lumenware Basin,Lumenware,10BN010,MCS-0393,Matte Black,24,,,,SCH-0438-02,,EXACT,12,12
TND-2026-0138,16,MX-01,No,,MX-01,Main Bathroom,Standard,Basin Mixer,Brightwater Basin Mixer,Brightwater,07BM003,MCS-0429,Brushed Brass,72,,,,SCH-0438-02,,EXACT,42,30
TND-2026-0138,17,MX-02,No,,MX-02,Ensuite,Standard,Basin Mixer,Brightwater Basin Mixer,Brightwater,07BM008,MCS-0434,Chrome,72,,,,SCH-0438-02,,EXACT,42,30
TND-2026-0138,18,MX-03,No,,MX-03,Main Bathroom,Premium,Basin Mixer,Brightwater Basin Mixer,Brightwater,07BM004,MCS-0430,Stainless Steel,24,,,,SCH-0438-02,,EXACT,12,12
TND-2026-0138,19,TS-01,No,,TS-01,Main Bathroom,Standard,Toilet Suite,Havelock Toilet Suite,Havelock,09TS007,MCS-0403,Brushed Brass,72,,,,SCH-0438-02,,EXACT,42,30
TND-2026-0138,20,TS-02,No,,TS-02,Ensuite,Standard,Toilet Suite,Lumenware Toilet Suite,Lumenware,10TS010,MCS-0422,Chrome,72,,,,SCH-0438-02,,EXACT,42,30
TND-2026-0138,21,TS-03,No,,TS-03,Main Bathroom,Premium,Toilet Suite,Lumenware Toilet Suite,Lumenware,10TS004,MCS-0416,Chrome,24,,,,SCH-0438-02,,EXACT,12,12
TND-2026-0138,22,SS-01,No,,SS-01,Ensuite,Standard,Shower Set,Peralta Shower Set,Peralta,08SS011,MCS-0477,Brushed Brass,72,,,,SCH-0438-02,,EXACT,42,30
TND-2026-0138,23,SS-02,No,,SS-02,Main Bathroom,Standard,Shower Set,Brightwater Shower Set,Brightwater,07SS008,MCS-0461,Matte Black,72,,,,SCH-0438-02,,EXACT,42,30
TND-2026-0138,24,SS-03,No,,SS-03,Ensuite,Premium,Shower Set,Peralta Shower Set,Peralta,08SS009,MCS-0475,Matte Black,24,,,,SCH-0438-02,,EXACT,12,12
TND-2026-0138,25,BSN-04,No,,BSN-04,Powder Room,Premium,Basin,Lumenware Basin,Lumenware,10BN005,MCS-0388,Gloss White,24,,,,SCH-0438-02,,EXACT,12,12
TND-2026-0138,26,MX-04,No,,MX-04,Powder Room,Premium,Basin Mixer,Brightwater Basin Mixer,Brightwater,07BM007,MCS-0433,Chrome,24,,,,SCH-0438-02,,EXACT,12,12
