ProductCode,Name,ModelCode,Brand,ProductFamily,Category,LifecycleStatus,SupersededByCode,LeadTimeWeeks,CutoutWidthMm,CutoutHeightMm,CutoutDepthMm,EnergyStarRating,WELSRating,Finish,WholesaleCost,TradeSellPrice,MarginPct,ProjectApproved,WelsRegistrationNo,GemsRegistrationNo,WaterMarkCertNo,ComplianceVerifiedOn
MCS-0001,Valdora 900mm Wall Oven,01OV90001,Valdora,Wall Oven,Appliances,Current,,4,900,590,580,4.0,,Gloss White,3603.87,5005.19,28.0,Yes,,G360644,,2026-06-10
MCS-0002,Valdora 900mm Wall Oven,01OV90002,Valdora,Wall Oven,Appliances,Superseded,MCS-0025,16,900,600,560,4.0,,Stainless Steel,1606.66,2142.05,25.0,Yes,,G964800,,2026-01-06
MCS-0003,Valdora 750mm Wall Oven,01OV75003,Valdora,Wall Oven,Appliances,Current,,2,750,560,550,3.0,,Brushed Brass,2826.78,3943.59,28.3,No,,G372121,,2026-02-10
MCS-0004,Valdora 450mm Wall Oven,01OV45004,Valdora,Wall Oven,Appliances,Current,,4,450,560,550,4.5,,Gloss White,2135.11,2820.34,24.3,Yes,,G393985,,2025-12-28
MCS-0005,Valdora 600mm Wall Oven,01OV60005,Valdora,Wall Oven,Appliances,Current,,2,600,560,560,3.5,,Matte Black,861.69,1036.3,16.8,Yes,,G160123,,2026-03-09
MCS-0006,Valdora 900mm Wall Oven,01OV90006,Valdora,Wall Oven,Appliances,Current,,4,900,600,560,3.5,,Matte Black,3584.29,4547.04,21.2,No,,G597082,,2026-02-07
MCS-0007,Valdora 600mm Wall Oven,01OV60007,Valdora,Wall Oven,Appliances,Current,,2,600,560,580,2.5,,Brushed Brass,1634.99,1967.09,16.9,Yes,,G444209,,2026-06-07
MCS-0008,Valdora 450mm Wall Oven,01OV45008,Valdora,Wall Oven,Appliances,Current,,2,450,595,580,2.0,,Gunmetal,1154.05,1635.59,29.4,Yes,,G786235,,2026-02-15
MCS-0009,Nordveld 900mm Wall Oven,02OV90001,Nordveld,Wall Oven,Appliances,Current,,2,900,560,560,2.0,,Gunmetal,1056.68,1317.88,19.8,Yes,,G665202,,2026-01-24
MCS-0010,Nordveld 600mm Wall Oven,02OV60002,Nordveld,Wall Oven,Appliances,Current,,2,600,590,560,2.5,,Matte Black,1530.4,1893.2,19.2,Yes,,G640071,,2026-06-20
MCS-0011,Nordveld 900mm Wall Oven,02OV90003,Nordveld,Wall Oven,Appliances,Current,,2,900,595,570,4.5,,Brushed Brass,3032.95,4260.0,28.8,Yes,,G209301,,2026-07-19
MCS-0012,Nordveld 900mm Wall Oven,02OV90004,Nordveld,Wall Oven,Appliances,Current,,3,900,560,580,4.5,,Matte Black,3159.61,4089.96,22.7,No,,G331813,,2026-05-24
MCS-0013,Nordveld 450mm Wall Oven,02OV45005,Nordveld,Wall Oven,Appliances,Current,,6,450,590,550,3.0,,Gunmetal,2889.34,3807.9,24.1,No,,G613341,,2026-07-05
MCS-0014,Nordveld 750mm Wall Oven,02OV75006,Nordveld,Wall Oven,Appliances,Current,,6,750,560,570,3.5,,Gloss White,2825.69,3608.96,21.7,No,,G787489,,2026-08-17
MCS-0015,Nordveld 450mm Wall Oven,02OV45007,Nordveld,Wall Oven,Appliances,Current,,2,450,600,550,3.5,,Gloss White,2955.21,3624.81,18.5,No,,G815595,,2026-03-25
MCS-0016,Nordveld 600mm Wall Oven,02OV60008,Nordveld,Wall Oven,Appliances,Current,,6,600,595,550,4.0,,Matte Black,2917.14,3968.87,26.5,Yes,,G831487,,2026-04-27
MCS-0017,Nordveld 900mm Wall Oven,02OV90009,Nordveld,Wall Oven,Appliances,Current,,8,900,595,550,5.0,,Chrome,2790.13,3765.3,25.9,Yes,,G104652,,2026-07-17
MCS-0018,Nordveld 900mm Wall Oven,02OV90010,Nordveld,Wall Oven,Appliances,Current,,6,900,595,580,3.5,,Stainless Steel,1284.3,1611.44,20.3,No,,G210382,,2026-07-26
MCS-0019,Nordveld 450mm Wall Oven,02OV45011,Nordveld,Wall Oven,Appliances,Current,,3,450,600,570,2.0,,Matte Black,2382.43,3164.97,24.7,Yes,,G769238,,2026-01-01
MCS-0020,Nordveld 600mm Wall Oven,02OV60012,Nordveld,Wall Oven,Appliances,Current,,4,600,560,570,2.5,,Stainless Steel,1033.11,1438.01,28.2,Yes,,G950521,,2026-03-16
MCS-0021,Nordveld 900mm Wall Oven,02OV90013,Nordveld,Wall Oven,Appliances,Current,,4,900,560,560,4.5,,Brushed Brass,3386.38,4365.99,22.4,Yes,,G613969,,2026-07-06
MCS-0022,Nordveld 750mm Wall Oven,02OV75014,Nordveld,Wall Oven,Appliances,Current,,2,750,595,560,4.5,,Chrome,880.25,1148.75,23.4,Yes,,G277907,,2026-06-21
MCS-0023,Nordveld 750mm Wall Oven,02OV75015,Nordveld,Wall Oven,Appliances,Current,,4,750,600,580,3.5,,Chrome,2796.41,3715.8,24.7,Yes,,G760204,,2026-02-14
MCS-0024,Ambrisi 450mm Wall Oven,03OV45001,Ambrisi,Wall Oven,Appliances,Current,,2,450,595,550,4.5,,Matte Black,1433.87,1866.04,23.2,Yes,,G928608,,2026-04-25
MCS-0025,Ambrisi 900mm Wall Oven,03OV90002,Ambrisi,Wall Oven,Appliances,Current,,6,900,590,550,2.5,,Chrome,2252.2,2780.15,19.0,Yes,,G444828,,2026-04-19
MCS-0026,Ambrisi 750mm Wall Oven,03OV75003,Ambrisi,Wall Oven,Appliances,Current,,6,750,590,560,4.5,,Chrome,4283.43,5872.47,27.1,Yes,,G350605,,2026-03-16
MCS-0027,Ambrisi 450mm Wall Oven,03OV45004,Ambrisi,Wall Oven,Appliances,Current,,8,450,560,560,2.5,,Stainless Steel,3161.28,3745.6,15.6,No,,G342504,,2026-06-12
MCS-0028,Ambrisi 900mm Wall Oven,03OV90005,Ambrisi,Wall Oven,Appliances,Current,,4,900,590,550,4.5,,Gloss White,1765.0,2233.45,21.0,Yes,,G554122,,2026-08-16
MCS-0029,Ambrisi 900mm Wall Oven,03OV90006,Ambrisi,Wall Oven,Appliances,Superseded,MCS-0011,10,900,590,570,5.0,,Gunmetal,2410.08,3359.72,28.3,Yes,,G450181,,2026-01-19
MCS-0030,Ambrisi 450mm Wall Oven,03OV45007,Ambrisi,Wall Oven,Appliances,Superseded,MCS-0024,6,450,590,570,4.5,,Gloss White,1799.81,2294.73,21.6,Yes,,G208222,,2026-07-20
MCS-0031,Ambrisi 600mm Wall Oven,03OV60008,Ambrisi,Wall Oven,Appliances,Current,,8,600,600,570,4.5,,Brushed Brass,2651.76,3735.32,29.0,Yes,,G772668,,2026-05-25
MCS-0032,Ambrisi 900mm Wall Oven,03OV90009,Ambrisi,Wall Oven,Appliances,Current,,6,900,595,550,4.0,,Gloss White,1320.22,1714.6,23.0,No,,G932496,,2026-07-08
MCS-0033,Ambrisi 750mm Wall Oven,03OV75010,Ambrisi,Wall Oven,Appliances,Discontinued,,20,750,600,570,3.5,,Gunmetal,4945.38,6404.9,22.8,Yes,,G536603,,2026-09-06
MCS-0034,Ambrisi 900mm Wall Oven,03OV90011,Ambrisi,Wall Oven,Appliances,Current,,8,900,595,580,4.5,,Gunmetal,3593.36,4699.37,23.5,Yes,,G300981,,2026-03-16
MCS-0035,Thornbury 750mm Wall Oven,04OV75001,Thornbury,Wall Oven,Appliances,Current,,2,750,595,580,3.0,,Matte Black,1387.79,1722.8,19.4,Yes,,G503415,,2025-11-24
MCS-0036,Thornbury 600mm Wall Oven,04OV60002,Thornbury,Wall Oven,Appliances,Current,,2,600,595,580,2.5,,Matte Black,2405.14,3386.07,29.0,Yes,,G867099,,2026-04-08
MCS-0037,Thornbury 750mm Wall Oven,04OV75003,Thornbury,Wall Oven,Appliances,Current,,6,750,590,560,4.0,,Brushed Brass,2513.86,3377.89,25.6,Yes,,G743418,,2026-08-23
MCS-0038,Thornbury 750mm Wall Oven,04OV75004,Thornbury,Wall Oven,Appliances,Current,,6,750,600,550,4.0,,Gunmetal,636.83,755.23,15.7,No,,G861299,,2026-07-03
MCS-0039,Thornbury 750mm Wall Oven,04OV75005,Thornbury,Wall Oven,Appliances,Current,,2,750,560,550,4.0,,Chrome,1090.59,1409.61,22.6,Yes,,G903396,,2026-01-21
MCS-0040,Thornbury 750mm Wall Oven,04OV75006,Thornbury,Wall Oven,Appliances,Current,,4,750,560,570,5.0,,Brushed Brass,2298.3,3168.57,27.5,Yes,,G819236,,2026-04-08
MCS-0041,Thornbury 450mm Wall Oven,04OV45007,Thornbury,Wall Oven,Appliances,Current,,3,450,600,570,3.5,,Gloss White,2322.99,3129.6,25.8,Yes,,G695022,,2026-03-31
MCS-0042,Thornbury 450mm Wall Oven,04OV45008,Thornbury,Wall Oven,Appliances,Current,,6,450,595,560,3.5,,Brushed Brass,1494.8,1943.63,23.1,No,,G734721,,2026-05-21
MCS-0043,Thornbury 750mm Wall Oven,04OV75009,Thornbury,Wall Oven,Appliances,Discontinued,MCS-0038,20,750,590,550,4.0,,Brushed Brass,779.59,1011.79,22.9,Yes,,G938721,,2026-04-10
MCS-0044,Thornbury 900mm Wall Oven,04OV90010,Thornbury,Wall Oven,Appliances,Current,,8,900,595,550,3.5,,Gunmetal,1007.49,1214.81,17.1,No,,G638640,,2026-02-19
MCS-0045,Cassini 750mm Wall Oven,05OV75001,Cassini,Wall Oven,Appliances,Current,,3,750,590,560,4.5,,Gloss White,1922.0,2593.86,25.9,Yes,,G668559,,2026-08-30
MCS-0046,Cassini 750mm Wall Oven,05OV75002,Cassini,Wall Oven,Appliances,Current,,4,750,595,560,2.5,,Gunmetal,737.75,1014.06,27.2,Yes,,G346291,,2025-11-30
MCS-0047,Cassini 750mm Wall Oven,05OV75003,Cassini,Wall Oven,Appliances,Discontinued,MCS-0040,24,750,560,570,4.0,,Gunmetal,1790.2,2196.11,18.5,Yes,,G709041,,2026-08-19
MCS-0048,Cassini 900mm Wall Oven,05OV90004,Cassini,Wall Oven,Appliances,Superseded,MCS-0067,10,900,560,550,3.5,,Matte Black,628.67,783.18,19.7,Yes,,G809098,,2025-12-01
MCS-0049,Cassini 600mm Wall Oven,05OV60005,Cassini,Wall Oven,Appliances,Current,,4,600,560,570,3.0,,Matte Black,1241.75,1645.8,24.6,Yes,,G970240,,2026-07-02
MCS-0050,Cassini 450mm Wall Oven,05OV45006,Cassini,Wall Oven,Appliances,Current,,4,450,560,570,2.5,,Gloss White,1359.86,1890.23,28.1,Yes,,G909925,,2026-05-11
MCS-0051,Cassini 900mm Wall Oven,05OV90007,Cassini,Wall Oven,Appliances,Superseded,MCS-0006,10,900,590,570,2.0,,Gloss White,1536.13,1942.36,20.9,Yes,,G604532,,2026-01-25
MCS-0052,Cassini 900mm Wall Oven,05OV90008,Cassini,Wall Oven,Appliances,Current,,8,900,590,570,5.0,,Gunmetal,1717.35,2320.91,26.0,No,,G558687,,2026-06-30
MCS-0053,Cassini 450mm Wall Oven,05OV45009,Cassini,Wall Oven,Appliances,Current,,4,450,560,550,4.0,,Brushed Brass,2019.03,2431.77,17.0,Yes,,G781156,,2026-06-07
MCS-0054,Cassini 600mm Wall Oven,05OV60010,Cassini,Wall Oven,Appliances,Current,,8,600,600,560,4.5,,Gunmetal,932.84,1312.33,28.9,No,,G878233,,2026-02-25
MCS-0055,Cassini 600mm Wall Oven,05OV60011,Cassini,Wall Oven,Appliances,Superseded,MCS-0007,16,600,590,570,2.5,,Chrome,969.4,1357.65,28.6,Yes,,G838236,,2026-04-14
MCS-0056,Cassini 900mm Wall Oven,05OV90012,Cassini,Wall Oven,Appliances,Current,,2,900,595,580,3.5,,Chrome,2335.81,3247.72,28.1,Yes,,G890141,,2026-01-24
MCS-0057,Cassini 600mm Wall Oven,05OV60013,Cassini,Wall Oven,Appliances,Discontinued,MCS-0036,20,600,595,580,4.0,,Gloss White,2413.1,3410.47,29.2,Yes,,G293758,,2025-11-24
MCS-0058,Cassini 450mm Wall Oven,05OV45014,Cassini,Wall Oven,Appliances,Superseded,MCS-0064,6,450,595,570,4.5,,Stainless Steel,2350.04,3082.28,23.8,Yes,,G659962,,2026-05-15
MCS-0059,Cassini 600mm Wall Oven,05OV60015,Cassini,Wall Oven,Appliances,Superseded,MCS-0020,6,600,560,550,3.0,,Chrome,1684.03,2057.1,18.1,Yes,,G779796,,2026-06-25
MCS-0060,Cassini 600mm Wall Oven,05OV60016,Cassini,Wall Oven,Appliances,Current,,2,600,560,550,3.5,,Gunmetal,1550.57,2078.12,25.4,Yes,,G554322,,2026-04-19
MCS-0061,Garrow 450mm Wall Oven,06OV45001,Garrow,Wall Oven,Appliances,Current,,2,450,590,570,3.0,,Matte Black,616.7,871.83,29.3,Yes,,G399929,,2026-04-25
MCS-0062,Garrow 600mm Wall Oven,06OV60002,Garrow,Wall Oven,Appliances,Superseded,MCS-0020,16,600,600,580,4.0,,Gloss White,1520.28,2094.95,27.4,Yes,,G192140,,2026-03-12
MCS-0063,Garrow 750mm Wall Oven,06OV75003,Garrow,Wall Oven,Appliances,Current,,2,750,595,550,4.0,,Chrome,500.75,633.18,20.9,Yes,,G347610,,2026-05-19
MCS-0064,Garrow 450mm Wall Oven,06OV45004,Garrow,Wall Oven,Appliances,Current,,4,450,595,580,4.5,,Gunmetal,690.32,965.43,28.5,No,,G352884,,2026-04-15
MCS-0065,Garrow 450mm Wall Oven,06OV45005,Garrow,Wall Oven,Appliances,Current,,6,450,600,580,3.0,,Gloss White,1049.6,1400.17,25.0,No,,G466487,,2025-12-10
MCS-0066,Garrow 900mm Wall Oven,06OV90006,Garrow,Wall Oven,Appliances,Current,,6,900,590,560,2.0,,Stainless Steel,925.76,1277.7,27.5,Yes,,G635896,,2026-06-09
MCS-0067,Garrow 900mm Wall Oven,06OV90007,Garrow,Wall Oven,Appliances,Current,,2,900,595,560,2.5,,Brushed Brass,753.54,942.46,20.0,No,,G237776,,2026-06-09
MCS-0068,Garrow 600mm Wall Oven,06OV60008,Garrow,Wall Oven,Appliances,Superseded,MCS-0020,14,600,560,560,5.0,,Gunmetal,727.87,949.97,23.4,Yes,,G256803,,2026-02-24
MCS-0069,Garrow 750mm Wall Oven,06OV75009,Garrow,Wall Oven,Appliances,Current,,2,750,595,570,2.5,,Brushed Brass,1273.63,1522.31,16.3,Yes,,G634114,,2026-01-18
MCS-0070,Garrow 600mm Wall Oven,06OV60010,Garrow,Wall Oven,Appliances,Current,,2,600,590,560,3.0,,Gunmetal,1349.55,1858.57,27.4,Yes,,G646664,,2026-03-11
MCS-0071,Garrow 450mm Wall Oven,06OV45011,Garrow,Wall Oven,Appliances,Current,,4,450,600,550,4.5,,Gloss White,637.78,816.58,21.9,Yes,,G417707,,2026-05-20
MCS-0072,Valdora 450mm Cooktop,01CT45001,Valdora,Cooktop,Appliances,Discontinued,MCS-0126,18,450,590,570,5.0,,Brushed Brass,2096.54,2742.73,23.6,Yes,,G748011,,2026-03-14
MCS-0073,Valdora 600mm Cooktop,01CT60002,Valdora,Cooktop,Appliances,Current,,2,600,560,580,2.5,,Chrome,1790.21,2328.48,23.1,Yes,,G953230,,2026-01-30
MCS-0074,Valdora 450mm Cooktop,01CT45003,Valdora,Cooktop,Appliances,Discontinued,MCS-0114,26,450,560,580,5.0,,Chrome,3361.34,4165.64,19.3,Yes,,G351202,,2026-05-14
MCS-0075,Valdora 900mm Cooktop,01CT90004,Valdora,Cooktop,Appliances,Current,,4,900,595,560,2.0,,Chrome,2826.51,3499.0,19.2,Yes,,G617730,,2025-12-08
MCS-0076,Valdora 600mm Cooktop,01CT60005,Valdora,Cooktop,Appliances,Current,,8,600,600,560,3.5,,Stainless Steel,1343.71,1744.04,23.0,Yes,,G688055,,2026-03-24
MCS-0077,Valdora 750mm Cooktop,01CT75006,Valdora,Cooktop,Appliances,Current,,2,750,600,550,4.0,,Gunmetal,3047.94,4279.09,28.8,No,,G795150,,2026-08-16
MCS-0078,Valdora 450mm Cooktop,01CT45007,Valdora,Cooktop,Appliances,Current,,8,450,595,560,3.0,,Matte Black,3291.93,4385.07,24.9,Yes,,G734704,,2026-08-18
MCS-0079,Valdora 600mm Cooktop,01CT60008,Valdora,Cooktop,Appliances,Current,,6,600,590,580,2.5,,Matte Black,2797.67,3497.94,20.0,No,,G422762,,2026-08-09
MCS-0080,Valdora 900mm Cooktop,01CT90009,Valdora,Cooktop,Appliances,Current,,8,900,600,560,3.5,,Chrome,2767.64,3540.95,21.8,Yes,,G461620,,2026-06-11
MCS-0081,Valdora 900mm Cooktop,01CT90010,Valdora,Cooktop,Appliances,Superseded,MCS-0087,6,900,590,560,3.0,,Chrome,1809.61,2518.3,28.1,Yes,,G961330,,2025-12-13
MCS-0082,Valdora 600mm Cooktop,01CT60011,Valdora,Cooktop,Appliances,Current,,8,600,560,560,4.0,,Brushed Brass,3058.3,3823.64,20.0,Yes,,G424086,,2026-03-18
MCS-0083,Valdora 450mm Cooktop,01CT45012,Valdora,Cooktop,Appliances,Current,,2,450,560,570,3.5,,Brushed Brass,1359.43,1615.8,15.9,Yes,,G852261,,2026-08-28
MCS-0084,Valdora 750mm Cooktop,01CT75013,Valdora,Cooktop,Appliances,Discontinued,MCS-0137,26,750,595,570,4.5,,Matte Black,2621.6,3417.81,23.3,Yes,,G125230,,2026-03-11
MCS-0085,Valdora 450mm Cooktop,01CT45014,Valdora,Cooktop,Appliances,Current,,4,450,600,550,3.5,,Brushed Brass,3331.53,3974.64,16.2,Yes,,G427139,,2026-07-16
MCS-0086,Nordveld 750mm Cooktop,02CT75001,Nordveld,Cooktop,Appliances,Current,,2,750,590,550,2.5,,Brushed Brass,2803.81,3840.35,27.0,Yes,,G852411,,2026-05-25
MCS-0087,Nordveld 900mm Cooktop,02CT90002,Nordveld,Cooktop,Appliances,Current,,2,900,590,560,4.5,,Gunmetal,2822.57,3909.52,27.8,Yes,,G978083,,2026-09-02
MCS-0088,Nordveld 600mm Cooktop,02CT60003,Nordveld,Cooktop,Appliances,Current,,2,600,600,550,5.0,,Chrome,2287.31,2868.84,20.3,No,,G538145,,2026-06-22
MCS-0089,Nordveld 600mm Cooktop,02CT60004,Nordveld,Cooktop,Appliances,Current,,6,600,595,570,3.0,,Stainless Steel,1117.54,1498.81,25.4,Yes,,G902083,,2026-03-18
MCS-0090,Nordveld 750mm Cooktop,02CT75005,Nordveld,Cooktop,Appliances,Current,,6,750,600,550,3.0,,Matte Black,2789.76,3832.75,27.2,Yes,,G100442,,2025-12-08
MCS-0091,Nordveld 450mm Cooktop,02CT45006,Nordveld,Cooktop,Appliances,Current,,3,450,595,560,4.0,,Brushed Brass,1355.92,1732.38,21.7,Yes,,G852346,,2026-07-30
MCS-0092,Nordveld 750mm Cooktop,02CT75007,Nordveld,Cooktop,Appliances,Current,,8,750,600,570,3.5,,Matte Black,2838.84,3362.8,15.6,Yes,,G931277,,2026-02-11
MCS-0093,Nordveld 750mm Cooktop,02CT75008,Nordveld,Cooktop,Appliances,Current,,2,750,595,550,3.5,,Brushed Brass,1460.84,1884.84,22.5,Yes,,G901167,,2025-12-28
MCS-0094,Nordveld 750mm Cooktop,02CT75009,Nordveld,Cooktop,Appliances,Superseded,MCS-0130,6,750,590,560,3.5,,Gunmetal,1058.17,1301.56,18.7,Yes,,G155199,,2026-01-09
MCS-0095,Ambrisi 450mm Cooktop,03CT45001,Ambrisi,Cooktop,Appliances,Current,,2,450,595,570,3.5,,Stainless Steel,846.59,1096.06,22.8,Yes,,G929554,,2026-07-15
MCS-0096,Ambrisi 450mm Cooktop,03CT45002,Ambrisi,Cooktop,Appliances,Superseded,MCS-0134,16,450,595,580,2.5,,Chrome,2821.46,3334.52,15.4,Yes,,G791126,,2026-02-20
MCS-0097,Ambrisi 900mm Cooktop,03CT90003,Ambrisi,Cooktop,Appliances,Current,,4,900,600,560,2.5,,Chrome,2776.8,3496.67,20.6,No,,G354473,,2026-06-15
MCS-0098,Ambrisi 600mm Cooktop,03CT60004,Ambrisi,Cooktop,Appliances,Current,,6,600,560,550,4.5,,Stainless Steel,1541.16,2042.04,24.5,Yes,,G798773,,2026-07-15
MCS-0099,Ambrisi 750mm Cooktop,03CT75005,Ambrisi,Cooktop,Appliances,Current,,2,750,595,560,3.5,,Matte Black,1342.89,1839.68,27.0,Yes,,G838155,,2026-08-19
MCS-0100,Ambrisi 450mm Cooktop,03CT45006,Ambrisi,Cooktop,Appliances,Current,,8,450,600,550,3.0,,Stainless Steel,1731.55,2284.69,24.2,Yes,,G512409,,2026-02-27
MCS-0101,Ambrisi 600mm Cooktop,03CT60007,Ambrisi,Cooktop,Appliances,Current,,3,600,600,580,5.0,,Stainless Steel,4216.99,5716.0,26.2,Yes,,G149877,,2026-03-08
MCS-0102,Ambrisi 600mm Cooktop,03CT60008,Ambrisi,Cooktop,Appliances,Current,,6,600,595,560,3.5,,Chrome,4476.28,6285.44,28.8,No,,G375901,,2026-03-24
MCS-0103,Ambrisi 600mm Cooktop,03CT60009,Ambrisi,Cooktop,Appliances,Superseded,MCS-0098,6,600,600,560,2.0,,Stainless Steel,1817.39,2401.36,24.3,Yes,,G332922,,2026-08-11
MCS-0104,Thornbury 600mm Cooktop,04CT60001,Thornbury,Cooktop,Appliances,Current,,2,600,600,550,4.0,,Matte Black,459.08,560.0,18.0,Yes,,G580480,,2025-12-29
MCS-0105,Thornbury 750mm Cooktop,04CT75002,Thornbury,Cooktop,Appliances,Discontinued,MCS-0099,20,750,590,560,2.5,,Matte Black,404.74,513.97,21.3,No,,G127631,,2026-05-01
MCS-0106,Thornbury 450mm Cooktop,04CT45003,Thornbury,Cooktop,Appliances,Superseded,MCS-0123,16,450,600,580,3.5,,Brushed Brass,1616.27,1921.14,15.9,Yes,,G101786,,2026-01-22
MCS-0107,Thornbury 900mm Cooktop,04CT90004,Thornbury,Cooktop,Appliances,Current,,2,900,590,570,3.0,,Gloss White,1919.8,2497.77,23.1,Yes,,G633691,,2026-05-01
MCS-0108,Thornbury 750mm Cooktop,04CT75005,Thornbury,Cooktop,Appliances,Current,,2,750,595,580,2.0,,Gunmetal,1295.37,1790.11,27.6,Yes,,G594858,,2026-06-19
MCS-0109,Thornbury 600mm Cooktop,04CT60006,Thornbury,Cooktop,Appliances,Superseded,MCS-0142,14,600,595,550,3.5,,Brushed Brass,850.62,1135.18,25.1,No,,G489447,,2026-06-09
MCS-0110,Thornbury 750mm Cooktop,04CT75007,Thornbury,Cooktop,Appliances,Current,,4,750,560,560,5.0,,Gloss White,1183.44,1544.71,23.4,Yes,,G449061,,2026-01-03
MCS-0111,Thornbury 900mm Cooktop,04CT90008,Thornbury,Cooktop,Appliances,Current,,8,900,560,570,2.5,,Gunmetal,1442.11,1741.12,17.2,Yes,,G253365,,2026-07-26
MCS-0112,Thornbury 900mm Cooktop,04CT90009,Thornbury,Cooktop,Appliances,Current,,4,900,590,560,4.5,,Matte Black,2015.43,2790.38,27.8,Yes,,G874215,,2026-08-01
MCS-0113,Thornbury 450mm Cooktop,04CT45010,Thornbury,Cooktop,Appliances,Discontinued,MCS-0085,24,450,560,550,4.5,,Brushed Brass,1194.34,1620.77,26.3,Yes,,G230481,,2026-01-03
MCS-0114,Thornbury 450mm Cooktop,04CT45011,Thornbury,Cooktop,Appliances,Current,,3,450,600,580,3.0,,Matte Black,1180.16,1567.37,24.7,Yes,,G848741,,2026-02-13
MCS-0115,Thornbury 450mm Cooktop,04CT45012,Thornbury,Cooktop,Appliances,Current,,6,450,590,580,5.0,,Brushed Brass,2331.61,2869.69,18.8,Yes,,G296242,,2026-06-27
MCS-0116,Thornbury 750mm Cooktop,04CT75013,Thornbury,Cooktop,Appliances,Current,,4,750,590,580,4.5,,Matte Black,2305.06,3109.29,25.9,Yes,,G198559,,2026-06-16
MCS-0117,Thornbury 450mm Cooktop,04CT45014,Thornbury,Cooktop,Appliances,Current,,2,450,590,580,4.0,,Gunmetal,510.6,610.43,16.4,Yes,,G402066,,2026-03-17
MCS-0118,Cassini 450mm Cooktop,05CT45001,Cassini,Cooktop,Appliances,Current,,2,450,590,560,3.5,,Matte Black,644.83,846.53,23.8,No,,G102039,,2026-04-26
MCS-0119,Cassini 900mm Cooktop,05CT90002,Cassini,Cooktop,Appliances,Current,,2,900,590,560,3.0,,Chrome,2316.47,2761.88,16.1,Yes,,G881212,,2026-01-20
MCS-0120,Cassini 750mm Cooktop,05CT75003,Cassini,Cooktop,Appliances,Discontinued,MCS-0132,18,750,595,570,4.0,,Brushed Brass,1438.82,1755.78,18.1,No,,G694465,,2026-01-04
MCS-0121,Cassini 750mm Cooktop,05CT75004,Cassini,Cooktop,Appliances,Discontinued,MCS-0130,26,750,560,570,4.0,,Chrome,1081.16,1504.79,28.2,Yes,,G158855,,2026-07-15
MCS-0122,Cassini 750mm Cooktop,05CT75005,Cassini,Cooktop,Appliances,Current,,6,750,600,580,3.0,,Matte Black,1149.83,1475.82,22.1,Yes,,G771432,,2026-02-13
MCS-0123,Cassini 450mm Cooktop,05CT45006,Cassini,Cooktop,Appliances,Current,,3,450,595,550,4.5,,Stainless Steel,2049.18,2420.25,15.3,Yes,,G271818,,2026-08-07
MCS-0124,Cassini 900mm Cooktop,05CT90007,Cassini,Cooktop,Appliances,Current,,8,900,560,580,4.5,,Stainless Steel,1865.65,2434.57,23.4,Yes,,G265146,,2026-01-21
MCS-0125,Cassini 750mm Cooktop,05CT75008,Cassini,Cooktop,Appliances,Current,,2,750,590,580,2.5,,Gloss White,1065.13,1479.45,28.0,Yes,,G185398,,2026-07-04
MCS-0126,Cassini 450mm Cooktop,05CT45009,Cassini,Cooktop,Appliances,Current,,2,450,595,550,3.5,,Brushed Brass,1610.11,1962.16,17.9,Yes,,G772465,,2026-08-30
MCS-0127,Cassini 900mm Cooktop,05CT90010,Cassini,Cooktop,Appliances,Current,,4,900,595,570,2.5,,Gunmetal,420.83,535.6,21.4,Yes,,G804913,,2026-04-08
MCS-0128,Cassini 900mm Cooktop,05CT90011,Cassini,Cooktop,Appliances,Current,,8,900,600,560,4.5,,Stainless Steel,1498.72,1940.21,22.8,No,,G198972,,2026-04-16
MCS-0129,Cassini 900mm Cooktop,05CT90012,Cassini,Cooktop,Appliances,Current,,6,900,590,550,4.0,,Chrome,1797.13,2277.68,21.1,No,,G298276,,2025-12-12
MCS-0130,Garrow 750mm Cooktop,06CT75001,Garrow,Cooktop,Appliances,Current,,6,750,590,550,5.0,,Gloss White,1140.97,1449.69,21.3,Yes,,G224035,,2026-06-21
MCS-0131,Garrow 900mm Cooktop,06CT90002,Garrow,Cooktop,Appliances,Current,,3,900,595,570,3.5,,Matte Black,1144.04,1477.81,22.6,No,,G378315,,2026-06-04
MCS-0132,Garrow 750mm Cooktop,06CT75003,Garrow,Cooktop,Appliances,Current,,2,750,595,580,5.0,,Brushed Brass,1181.86,1442.37,18.1,Yes,,G473610,,2025-12-31
MCS-0133,Garrow 750mm Cooktop,06CT75004,Garrow,Cooktop,Appliances,Current,,4,750,595,580,3.5,,Gunmetal,754.83,990.25,23.8,Yes,,G366350,,2026-07-05
MCS-0134,Garrow 450mm Cooktop,06CT45005,Garrow,Cooktop,Appliances,Current,,3,450,600,550,3.0,,Chrome,550.98,667.34,17.4,Yes,,G549291,,2025-12-15
MCS-0135,Garrow 450mm Cooktop,06CT45006,Garrow,Cooktop,Appliances,Current,,4,450,560,580,3.5,,Brushed Brass,1099.92,1356.77,18.9,Yes,,G451153,,2026-06-14
MCS-0136,Garrow 600mm Cooktop,06CT60007,Garrow,Cooktop,Appliances,Superseded,MCS-0102,10,600,595,580,4.5,,Gloss White,802.88,981.49,18.2,No,,G138220,,2026-01-04
MCS-0137,Garrow 750mm Cooktop,06CT75008,Garrow,Cooktop,Appliances,Current,,2,750,600,570,3.5,,Chrome,832.21,1086.31,23.4,Yes,,G605240,,2026-01-29
MCS-0138,Garrow 900mm Cooktop,06CT90009,Garrow,Cooktop,Appliances,Current,,8,900,600,570,4.5,,Chrome,1290.26,1588.3,18.8,Yes,,G581138,,2026-01-01
MCS-0139,Garrow 450mm Cooktop,06CT45010,Garrow,Cooktop,Appliances,Current,,4,450,560,560,5.0,,Chrome,773.39,1038.49,25.5,Yes,,G838460,,2026-09-05
MCS-0140,Garrow 900mm Cooktop,06CT90011,Garrow,Cooktop,Appliances,Current,,6,900,600,570,4.0,,Brushed Brass,1161.07,1387.28,16.3,Yes,,G648932,,2026-05-05
MCS-0141,Garrow 900mm Cooktop,06CT90012,Garrow,Cooktop,Appliances,Superseded,MCS-0087,10,900,560,560,2.5,,Stainless Steel,666.09,810.43,17.8,Yes,,G371433,,2026-06-26
MCS-0142,Garrow 600mm Cooktop,06CT60013,Garrow,Cooktop,Appliances,Current,,2,600,600,580,3.5,,Matte Black,1231.65,1721.81,28.5,Yes,,G130273,,2026-09-02
MCS-0143,Garrow 900mm Cooktop,06CT90014,Garrow,Cooktop,Appliances,Current,,2,900,595,550,5.0,,Gunmetal,800.55,1013.11,21.0,Yes,,G690504,,2025-12-08
MCS-0144,Valdora 900mm Dishwasher,01DW90001,Valdora,Dishwasher,Appliances,Superseded,MCS-0153,10,900,600,580,5.0,,Gloss White,2117.59,2956.22,28.4,Yes,,G736419,,2026-01-07
MCS-0145,Valdora 750mm Dishwasher,01DW75002,Valdora,Dishwasher,Appliances,Current,,3,750,590,580,4.0,,Gloss White,1176.55,1659.49,29.1,Yes,,G899092,,2026-07-14
MCS-0146,Valdora 750mm Dishwasher,01DW75003,Valdora,Dishwasher,Appliances,Current,,2,750,600,580,3.0,,Chrome,2256.83,3118.64,27.6,No,,G882429,,2026-08-09
MCS-0147,Valdora 600mm Dishwasher,01DW60004,Valdora,Dishwasher,Appliances,Current,,4,600,595,570,3.5,,Gunmetal,1380.49,1712.41,19.4,No,,G919583,,2026-02-11
MCS-0148,Valdora 600mm Dishwasher,01DW60005,Valdora,Dishwasher,Appliances,Current,,2,600,595,550,3.5,,Matte Black,1835.45,2255.68,18.6,Yes,,G193452,,2025-12-28
MCS-0149,Valdora 450mm Dishwasher,01DW45006,Valdora,Dishwasher,Appliances,Current,,8,450,560,580,2.0,,Chrome,1798.94,2340.74,23.1,Yes,,G277240,,2026-09-05
MCS-0150,Valdora 750mm Dishwasher,01DW75007,Valdora,Dishwasher,Appliances,Superseded,MCS-0207,6,750,595,560,3.0,,Gloss White,1084.16,1430.56,24.2,Yes,,G624639,,2026-08-20
MCS-0151,Valdora 450mm Dishwasher,01DW45008,Valdora,Dishwasher,Appliances,Discontinued,MCS-0209,18,450,595,580,2.5,,Stainless Steel,1787.65,2271.85,21.3,Yes,,G509324,,2026-05-06
MCS-0152,Valdora 450mm Dishwasher,01DW45009,Valdora,Dishwasher,Appliances,Current,,2,450,590,570,2.5,,Gloss White,2144.54,2672.42,19.8,No,,G426074,,2026-05-09
MCS-0153,Valdora 900mm Dishwasher,01DW90010,Valdora,Dishwasher,Appliances,Current,,6,900,600,560,2.5,,Gunmetal,2214.37,2704.42,18.1,Yes,,G887276,,2026-01-04
MCS-0154,Valdora 600mm Dishwasher,01DW60011,Valdora,Dishwasher,Appliances,Current,,6,600,560,560,2.5,,Matte Black,1627.31,2110.9,22.9,No,,G560328,,2026-03-24
MCS-0155,Valdora 450mm Dishwasher,01DW45012,Valdora,Dishwasher,Appliances,Current,,2,450,590,580,3.5,,Matte Black,2307.02,2781.15,17.0,Yes,,G223478,,2026-08-28
MCS-0156,Valdora 900mm Dishwasher,01DW90013,Valdora,Dishwasher,Appliances,Current,,4,900,600,580,2.5,,Brushed Brass,2100.91,2924.9,28.2,Yes,,G199241,,2026-07-15
MCS-0157,Valdora 750mm Dishwasher,01DW75014,Valdora,Dishwasher,Appliances,Superseded,MCS-0146,6,750,560,580,5.0,,Gloss White,1613.0,2133.44,24.4,No,,G466916,,2025-12-04
MCS-0158,Nordveld 600mm Dishwasher,02DW60001,Nordveld,Dishwasher,Appliances,Current,,4,600,560,550,3.0,,Gunmetal,1018.36,1357.07,25.0,No,,G549099,,2026-01-08
MCS-0159,Nordveld 450mm Dishwasher,02DW45002,Nordveld,Dishwasher,Appliances,Discontinued,MCS-0166,24,450,590,560,4.0,,Stainless Steel,911.19,1205.69,24.4,Yes,,G598960,,2026-07-29
MCS-0160,Nordveld 900mm Dishwasher,02DW90003,Nordveld,Dishwasher,Appliances,Current,,8,900,595,560,3.5,,Gloss White,1200.25,1535.83,21.9,Yes,,G215671,,2026-08-02
MCS-0161,Nordveld 900mm Dishwasher,02DW90004,Nordveld,Dishwasher,Appliances,Current,,8,900,560,580,3.0,,Chrome,1922.17,2657.2,27.7,No,,G929394,,2026-03-15
MCS-0162,Nordveld 900mm Dishwasher,02DW90005,Nordveld,Dishwasher,Appliances,Current,,8,900,595,580,3.5,,Matte Black,1425.01,1694.25,15.9,Yes,,G724321,,2026-01-19
MCS-0163,Nordveld 900mm Dishwasher,02DW90006,Nordveld,Dishwasher,Appliances,Current,,4,900,590,570,4.5,,Gloss White,1348.74,1832.52,26.4,Yes,,G118170,,2026-01-10
MCS-0164,Nordveld 600mm Dishwasher,02DW60007,Nordveld,Dishwasher,Appliances,Superseded,MCS-0147,16,600,600,580,5.0,,Matte Black,810.52,1015.89,20.2,Yes,,G352590,,2026-01-21
MCS-0165,Nordveld 750mm Dishwasher,02DW75008,Nordveld,Dishwasher,Appliances,Current,,3,750,590,570,3.0,,Chrome,1666.62,2151.22,22.5,Yes,,G569674,,2026-07-17
MCS-0166,Nordveld 450mm Dishwasher,02DW45009,Nordveld,Dishwasher,Appliances,Current,,8,450,595,580,3.0,,Chrome,1132.23,1572.86,28.0,Yes,,G423622,,2026-05-03
MCS-0167,Nordveld 600mm Dishwasher,02DW60010,Nordveld,Dishwasher,Appliances,Discontinued,MCS-0187,24,600,595,570,5.0,,Chrome,1401.09,1860.2,24.7,No,,G865824,,2026-02-15
MCS-0168,Nordveld 450mm Dishwasher,02DW45011,Nordveld,Dishwasher,Appliances,Discontinued,MCS-0197,20,450,595,550,5.0,,Stainless Steel,1086.27,1410.25,23.0,Yes,,G600215,,2026-06-24
MCS-0169,Nordveld 900mm Dishwasher,02DW90012,Nordveld,Dishwasher,Appliances,Current,,2,900,595,550,2.0,,Matte Black,906.72,1201.31,24.5,No,,G735299,,2026-09-04
MCS-0170,Nordveld 750mm Dishwasher,02DW75013,Nordveld,Dishwasher,Appliances,Current,,4,750,600,560,3.0,,Stainless Steel,1390.77,1876.72,25.9,Yes,,G300771,,2026-08-12
MCS-0171,Nordveld 900mm Dishwasher,02DW90014,Nordveld,Dishwasher,Appliances,Current,,6,900,560,560,3.5,,Matte Black,864.35,1114.43,22.4,Yes,,G799982,,2026-01-27
MCS-0172,Nordveld 600mm Dishwasher,02DW60015,Nordveld,Dishwasher,Appliances,Superseded,MCS-0148,16,600,560,570,5.0,,Gloss White,1224.73,1705.34,28.2,No,,G927761,,2026-08-25
MCS-0173,Ambrisi 900mm Dishwasher,03DW90001,Ambrisi,Dishwasher,Appliances,Current,,2,900,600,550,3.0,,Gloss White,1568.09,1892.69,17.2,Yes,,G919138,,2025-12-08
MCS-0174,Ambrisi 750mm Dishwasher,03DW75002,Ambrisi,Dishwasher,Appliances,Superseded,MCS-0216,14,750,600,580,4.5,,Stainless Steel,988.7,1273.54,22.4,Yes,,G554073,,2026-06-16
MCS-0175,Ambrisi 900mm Dishwasher,03DW90003,Ambrisi,Dishwasher,Appliances,Current,,2,900,600,580,4.5,,Gloss White,1331.18,1659.32,19.8,No,,G166727,,2026-08-11
MCS-0176,Ambrisi 900mm Dishwasher,03DW90004,Ambrisi,Dishwasher,Appliances,Current,,4,900,560,560,3.0,,Stainless Steel,2955.97,4161.02,29.0,Yes,,G550273,,2026-03-19
MCS-0177,Ambrisi 600mm Dishwasher,03DW60005,Ambrisi,Dishwasher,Appliances,Current,,4,600,600,550,3.5,,Gloss White,2861.19,3991.02,28.3,Yes,,G607749,,2026-07-04
MCS-0178,Ambrisi 900mm Dishwasher,03DW90006,Ambrisi,Dishwasher,Appliances,Current,,2,900,595,560,3.0,,Gloss White,1242.66,1723.0,27.9,Yes,,G650778,,2026-01-15
MCS-0179,Ambrisi 900mm Dishwasher,03DW90007,Ambrisi,Dishwasher,Appliances,Current,,6,900,595,550,3.0,,Brushed Brass,1157.43,1446.67,20.0,Yes,,G584240,,2026-05-20
MCS-0180,Ambrisi 900mm Dishwasher,03DW90008,Ambrisi,Dishwasher,Appliances,Current,,2,900,560,570,4.0,,Stainless Steel,838.39,1022.79,18.0,Yes,,G420800,,2026-02-15
MCS-0181,Ambrisi 600mm Dishwasher,03DW60009,Ambrisi,Dishwasher,Appliances,Current,,8,600,590,560,4.5,,Brushed Brass,1181.68,1454.15,18.7,Yes,,G214283,,2025-12-11
MCS-0182,Ambrisi 900mm Dishwasher,03DW90010,Ambrisi,Dishwasher,Appliances,Current,,4,900,600,550,3.5,,Gloss White,3001.14,3902.31,23.1,Yes,,G573111,,2026-08-24
MCS-0183,Thornbury 750mm Dishwasher,04DW75001,Thornbury,Dishwasher,Appliances,Current,,2,750,560,570,2.5,,Gloss White,632.34,810.4,22.0,No,,G920921,,2026-04-13
MCS-0184,Thornbury 600mm Dishwasher,04DW60002,Thornbury,Dishwasher,Appliances,Current,,2,600,590,560,4.5,,Chrome,486.9,687.66,29.2,Yes,,G316283,,2026-03-27
MCS-0185,Thornbury 900mm Dishwasher,04DW90003,Thornbury,Dishwasher,Appliances,Current,,8,900,595,570,4.0,,Gloss White,1351.02,1645.89,17.9,Yes,,G796021,,2026-01-18
MCS-0186,Thornbury 450mm Dishwasher,04DW45004,Thornbury,Dishwasher,Appliances,Current,,6,450,600,580,3.0,,Stainless Steel,810.28,1008.12,19.6,Yes,,G494553,,2026-08-20
MCS-0187,Thornbury 600mm Dishwasher,04DW60005,Thornbury,Dishwasher,Appliances,Current,,6,600,595,550,4.0,,Matte Black,516.67,724.86,28.7,No,,G602997,,2026-01-19
MCS-0188,Thornbury 900mm Dishwasher,04DW90006,Thornbury,Dishwasher,Appliances,Discontinued,MCS-0175,18,900,595,550,4.0,,Matte Black,434.55,516.02,15.8,Yes,,G970990,,2026-06-13
MCS-0189,Thornbury 750mm Dishwasher,04DW75007,Thornbury,Dishwasher,Appliances,Current,,4,750,600,580,3.5,,Gunmetal,791.1,1040.05,23.9,Yes,,G348379,,2026-03-01
MCS-0190,Thornbury 600mm Dishwasher,04DW60008,Thornbury,Dishwasher,Appliances,Current,,3,600,590,550,3.5,,Gunmetal,434.3,558.49,22.2,Yes,,G863763,,2026-02-17
MCS-0191,Thornbury 900mm Dishwasher,04DW90009,Thornbury,Dishwasher,Appliances,Current,,4,900,595,580,4.5,,Stainless Steel,605.35,844.29,28.3,Yes,,G975589,,2026-03-21
MCS-0192,Thornbury 750mm Dishwasher,04DW75010,Thornbury,Dishwasher,Appliances,Discontinued,MCS-0165,24,750,560,570,2.5,,Matte Black,464.18,595.56,22.1,Yes,,G111207,,2026-07-24
MCS-0193,Thornbury 450mm Dishwasher,04DW45011,Thornbury,Dishwasher,Appliances,Current,,2,450,590,560,4.5,,Gloss White,1155.9,1459.95,20.8,Yes,,G660670,,2026-04-21
MCS-0194,Thornbury 900mm Dishwasher,04DW90012,Thornbury,Dishwasher,Appliances,Current,,3,900,590,560,3.0,,Gunmetal,467.0,599.46,22.1,Yes,,G509350,,2026-06-06
MCS-0195,Thornbury 900mm Dishwasher,04DW90013,Thornbury,Dishwasher,Appliances,Current,,3,900,560,560,4.5,,Brushed Brass,615.33,749.07,17.9,Yes,,G312858,,2026-06-24
MCS-0196,Thornbury 450mm Dishwasher,04DW45014,Thornbury,Dishwasher,Appliances,Current,,2,450,590,570,4.0,,Chrome,599.8,721.08,16.8,No,,G708653,,2026-05-09
MCS-0197,Thornbury 450mm Dishwasher,04DW45015,Thornbury,Dishwasher,Appliances,Current,,2,450,560,560,3.5,,Stainless Steel,478.44,677.69,29.4,No,,G309840,,2025-11-29
MCS-0198,Thornbury 900mm Dishwasher,04DW90016,Thornbury,Dishwasher,Appliances,Current,,4,900,595,570,2.5,,Matte Black,1338.53,1870.3,28.4,No,,G198087,,2026-07-03
MCS-0199,Cassini 450mm Dishwasher,05DW45001,Cassini,Dishwasher,Appliances,Current,,4,450,600,550,3.0,,Stainless Steel,1384.3,1804.09,23.3,Yes,,G996029,,2026-06-06
MCS-0200,Cassini 900mm Dishwasher,05DW90002,Cassini,Dishwasher,Appliances,Current,,8,900,560,550,2.5,,Matte Black,1262.62,1663.01,24.1,Yes,,G478919,,2026-07-13
MCS-0201,Cassini 600mm Dishwasher,05DW60003,Cassini,Dishwasher,Appliances,Current,,8,600,600,550,4.0,,Brushed Brass,513.35,718.06,28.5,Yes,,G126232,,2026-03-01
MCS-0202,Cassini 600mm Dishwasher,05DW60004,Cassini,Dishwasher,Appliances,Current,,8,600,600,560,4.5,,Stainless Steel,814.48,1149.67,29.2,Yes,,G754920,,2026-04-28
MCS-0203,Cassini 750mm Dishwasher,05DW75005,Cassini,Dishwasher,Appliances,Discontinued,MCS-0146,18,750,590,560,4.5,,Stainless Steel,1401.94,1694.6,17.3,Yes,,G542118,,2026-03-28
MCS-0204,Cassini 600mm Dishwasher,05DW60006,Cassini,Dishwasher,Appliances,Current,,2,600,560,550,2.5,,Matte Black,1578.09,2009.36,21.5,Yes,,G860122,,2026-06-07
MCS-0205,Cassini 600mm Dishwasher,05DW60007,Cassini,Dishwasher,Appliances,Current,,2,600,600,570,5.0,,Stainless Steel,824.53,1085.73,24.1,No,,G968119,,2026-03-25
MCS-0206,Cassini 750mm Dishwasher,05DW75008,Cassini,Dishwasher,Appliances,Current,,2,750,560,570,4.0,,Gloss White,448.91,572.87,21.6,Yes,,G192046,,2026-05-10
MCS-0207,Cassini 750mm Dishwasher,05DW75009,Cassini,Dishwasher,Appliances,Current,,6,750,600,550,3.5,,Chrome,1052.11,1426.29,26.2,No,,G153227,,2026-04-08
MCS-0208,Cassini 450mm Dishwasher,05DW45010,Cassini,Dishwasher,Appliances,Current,,2,450,590,550,2.5,,Stainless Steel,928.64,1255.45,26.0,No,,G860047,,2026-03-26
MCS-0209,Cassini 450mm Dishwasher,05DW45011,Cassini,Dishwasher,Appliances,Current,,2,450,600,550,2.5,,Stainless Steel,474.74,642.47,26.1,Yes,,G298308,,2026-05-04
MCS-0210,Garrow 750mm Dishwasher,06DW75001,Garrow,Dishwasher,Appliances,Current,,4,750,590,570,3.5,,Brushed Brass,777.29,1044.87,25.6,Yes,,G383115,,2026-05-18
MCS-0211,Garrow 600mm Dishwasher,06DW60002,Garrow,Dishwasher,Appliances,Current,,4,600,590,550,4.0,,Stainless Steel,523.3,740.4,29.3,Yes,,G233504,,2026-06-16
MCS-0212,Garrow 900mm Dishwasher,06DW90003,Garrow,Dishwasher,Appliances,Current,,2,900,590,560,2.5,,Stainless Steel,1013.19,1434.05,29.3,Yes,,G754700,,2026-04-22
MCS-0213,Garrow 750mm Dishwasher,06DW75004,Garrow,Dishwasher,Appliances,Superseded,MCS-0183,6,750,595,550,5.0,,Gunmetal,762.94,1002.61,23.9,Yes,,G159448,,2026-01-21
MCS-0214,Garrow 900mm Dishwasher,06DW90005,Garrow,Dishwasher,Appliances,Current,,2,900,560,550,4.0,,Gunmetal,718.19,1012.86,29.1,No,,G136169,,2026-05-28
MCS-0215,Garrow 600mm Dishwasher,06DW60006,Garrow,Dishwasher,Appliances,Superseded,MCS-0201,16,600,595,550,5.0,,Matte Black,948.19,1169.71,18.9,Yes,,G773240,,2025-11-30
MCS-0216,Garrow 750mm Dishwasher,06DW75007,Garrow,Dishwasher,Appliances,Current,,2,750,595,570,2.5,,Stainless Steel,609.12,753.92,19.2,No,,G164884,,2025-12-31
MCS-0217,Garrow 450mm Dishwasher,06DW45008,Garrow,Dishwasher,Appliances,Current,,8,450,560,570,3.0,,Stainless Steel,943.9,1253.55,24.7,Yes,,G259381,,2026-01-24
MCS-0218,Garrow 450mm Dishwasher,06DW45009,Garrow,Dishwasher,Appliances,Current,,4,450,560,580,3.5,,Gunmetal,892.88,1057.95,15.6,Yes,,G970700,,2026-07-09
MCS-0219,Garrow 750mm Dishwasher,06DW75010,Garrow,Dishwasher,Appliances,Current,,4,750,590,580,4.0,,Brushed Brass,1098.35,1409.35,22.1,Yes,,G827757,,2026-08-01
MCS-0220,Valdora 900mm Rangehood,01RH90001,Valdora,Rangehood,Appliances,Discontinued,MCS-0245,26,900,590,560,,,Matte Black,1625.95,1979.38,17.9,No,,,,2026-07-20
MCS-0221,Valdora 750mm Rangehood,01RH75002,Valdora,Rangehood,Appliances,Current,,8,750,595,580,,,Stainless Steel,836.04,1131.05,26.1,Yes,,,,2026-07-28
MCS-0222,Valdora 750mm Rangehood,01RH75003,Valdora,Rangehood,Appliances,Superseded,MCS-0247,10,750,595,560,,,Brushed Brass,756.14,1041.82,27.4,No,,,,2026-02-09
MCS-0223,Valdora 750mm Rangehood,01RH75004,Valdora,Rangehood,Appliances,Current,,6,750,590,560,,,Chrome,1767.37,2140.52,17.4,No,,,,2026-05-21
MCS-0224,Valdora 750mm Rangehood,01RH75005,Valdora,Rangehood,Appliances,Current,,2,750,600,580,,,Matte Black,2197.95,3061.29,28.2,Yes,,,,2026-01-28
MCS-0225,Valdora 900mm Rangehood,01RH90006,Valdora,Rangehood,Appliances,Current,,6,900,560,570,,,Matte Black,833.25,1147.77,27.4,No,,,,2026-01-22
MCS-0226,Valdora 750mm Rangehood,01RH75007,Valdora,Rangehood,Appliances,Superseded,MCS-0280,6,750,590,560,,,Stainless Steel,575.01,808.85,28.9,Yes,,,,2026-05-19
MCS-0227,Valdora 750mm Rangehood,01RH75008,Valdora,Rangehood,Appliances,Current,,2,750,595,560,,,Brushed Brass,1861.34,2499.42,25.5,Yes,,,,2026-03-02
MCS-0228,Valdora 900mm Rangehood,01RH90009,Valdora,Rangehood,Appliances,Current,,3,900,600,550,,,Brushed Brass,1881.87,2656.78,29.2,No,,,,2026-08-27
MCS-0229,Valdora 900mm Rangehood,01RH90010,Valdora,Rangehood,Appliances,Discontinued,MCS-0271,20,900,600,560,,,Stainless Steel,617.36,845.08,26.9,No,,,,2025-12-12
MCS-0230,Valdora 600mm Rangehood,01RH60011,Valdora,Rangehood,Appliances,Current,,8,600,600,550,,,Matte Black,1696.36,2077.05,18.3,No,,,,2026-02-13
MCS-0231,Valdora 750mm Rangehood,01RH75012,Valdora,Rangehood,Appliances,Current,,8,750,590,560,,,Gunmetal,1969.92,2542.88,22.5,Yes,,,,2026-03-21
MCS-0232,Nordveld 450mm Rangehood,02RH45001,Nordveld,Rangehood,Appliances,Current,,3,450,560,570,,,Stainless Steel,570.83,689.35,17.2,Yes,,,,2026-02-10
MCS-0233,Nordveld 450mm Rangehood,02RH45002,Nordveld,Rangehood,Appliances,Current,,4,450,590,560,,,Chrome,1326.01,1637.31,19.0,Yes,,,,2026-04-15
MCS-0234,Nordveld 450mm Rangehood,02RH45003,Nordveld,Rangehood,Appliances,Superseded,MCS-0236,16,450,560,570,,,Gunmetal,512.52,618.9,17.2,Yes,,,,2026-08-05
MCS-0235,Nordveld 450mm Rangehood,02RH45004,Nordveld,Rangehood,Appliances,Current,,3,450,595,550,,,Gloss White,1571.9,1918.58,18.1,Yes,,,,2025-12-16
MCS-0236,Nordveld 450mm Rangehood,02RH45005,Nordveld,Rangehood,Appliances,Current,,2,450,595,560,,,Gunmetal,2358.61,3272.95,27.9,Yes,,,,2026-01-25
MCS-0237,Nordveld 600mm Rangehood,02RH60006,Nordveld,Rangehood,Appliances,Superseded,MCS-0281,16,600,600,550,,,Stainless Steel,1533.73,1815.73,15.5,Yes,,,,2026-08-18
MCS-0238,Nordveld 750mm Rangehood,02RH75007,Nordveld,Rangehood,Appliances,Current,,8,750,560,570,,,Chrome,2257.73,2888.19,21.8,Yes,,,,2026-06-22
MCS-0239,Nordveld 900mm Rangehood,02RH90008,Nordveld,Rangehood,Appliances,Current,,8,900,595,570,,,Chrome,2281.17,3004.88,24.1,Yes,,,,2026-07-11
MCS-0240,Nordveld 600mm Rangehood,02RH60009,Nordveld,Rangehood,Appliances,Current,,8,600,595,570,,,Gunmetal,1180.94,1647.64,28.3,Yes,,,,2026-05-28
MCS-0241,Nordveld 450mm Rangehood,02RH45010,Nordveld,Rangehood,Appliances,Current,,2,450,600,560,,,Stainless Steel,1011.88,1358.68,25.5,Yes,,,,2025-12-16
MCS-0242,Nordveld 600mm Rangehood,02RH60011,Nordveld,Rangehood,Appliances,Current,,4,600,560,580,,,Gunmetal,1355.86,1913.11,29.1,Yes,,,,2025-12-16
MCS-0243,Ambrisi 900mm Rangehood,03RH90001,Ambrisi,Rangehood,Appliances,Current,,2,900,600,580,,,Gloss White,642.96,881.15,27.0,Yes,,,,2026-04-17
MCS-0244,Ambrisi 750mm Rangehood,03RH75002,Ambrisi,Rangehood,Appliances,Superseded,MCS-0250,14,750,560,550,,,Gunmetal,929.27,1250.8,25.7,Yes,,,,2026-04-14
MCS-0245,Ambrisi 900mm Rangehood,03RH90003,Ambrisi,Rangehood,Appliances,Current,,2,900,560,580,,,Brushed Brass,2669.59,3340.98,20.1,No,,,,2026-03-04
MCS-0246,Ambrisi 750mm Rangehood,03RH75004,Ambrisi,Rangehood,Appliances,Current,,8,750,590,560,,,Gloss White,934.11,1247.54,25.1,Yes,,,,2026-08-13
MCS-0247,Ambrisi 750mm Rangehood,03RH75005,Ambrisi,Rangehood,Appliances,Current,,6,750,560,580,,,Gloss White,991.13,1258.19,21.2,No,,,,2026-03-24
MCS-0248,Ambrisi 450mm Rangehood,03RH45006,Ambrisi,Rangehood,Appliances,Current,,4,450,590,550,,,Chrome,1930.33,2428.17,20.5,Yes,,,,2026-08-27
MCS-0249,Ambrisi 600mm Rangehood,03RH60007,Ambrisi,Rangehood,Appliances,Current,,2,600,590,560,,,Brushed Brass,1521.65,1934.1,21.3,No,,,,2026-01-20
MCS-0250,Ambrisi 750mm Rangehood,03RH75008,Ambrisi,Rangehood,Appliances,Current,,4,750,560,570,,,Chrome,1162.26,1620.12,28.3,Yes,,,,2026-08-29
MCS-0251,Ambrisi 450mm Rangehood,03RH45009,Ambrisi,Rangehood,Appliances,Current,,2,450,590,560,,,Brushed Brass,1745.61,2354.03,25.8,Yes,,,,2026-07-18
MCS-0252,Ambrisi 450mm Rangehood,03RH45010,Ambrisi,Rangehood,Appliances,Current,,6,450,595,570,,,Gloss White,3291.96,4500.07,26.8,Yes,,,,2026-02-03
MCS-0253,Ambrisi 600mm Rangehood,03RH60011,Ambrisi,Rangehood,Appliances,Current,,8,600,600,580,,,Brushed Brass,2368.67,3010.89,21.3,Yes,,,,2025-12-18
MCS-0254,Ambrisi 600mm Rangehood,03RH60012,Ambrisi,Rangehood,Appliances,Current,,4,600,590,570,,,Gunmetal,2461.45,3237.35,24.0,Yes,,,,2026-05-24
MCS-0255,Ambrisi 750mm Rangehood,03RH75013,Ambrisi,Rangehood,Appliances,Current,,2,750,600,570,,,Matte Black,1220.28,1459.9,16.4,Yes,,,,2026-09-01
MCS-0256,Ambrisi 900mm Rangehood,03RH90014,Ambrisi,Rangehood,Appliances,Discontinued,MCS-0276,26,900,560,550,,,Stainless Steel,2489.89,3279.47,24.1,Yes,,,,2025-12-19
MCS-0257,Thornbury 900mm Rangehood,04RH90001,Thornbury,Rangehood,Appliances,Current,,6,900,590,560,,,Stainless Steel,1024.04,1246.45,17.8,No,,,,2025-12-20
MCS-0258,Thornbury 750mm Rangehood,04RH75002,Thornbury,Rangehood,Appliances,Discontinued,MCS-0231,18,750,590,560,,,Gloss White,1669.21,2150.09,22.4,Yes,,,,2026-06-12
MCS-0259,Thornbury 450mm Rangehood,04RH45003,Thornbury,Rangehood,Appliances,Current,,8,450,590,580,,,Gunmetal,1147.82,1600.42,28.3,Yes,,,,2026-05-03
MCS-0260,Thornbury 600mm Rangehood,04RH60004,Thornbury,Rangehood,Appliances,Superseded,MCS-0261,16,600,600,560,,,Stainless Steel,1750.5,2314.72,24.4,Yes,,,,2026-08-11
MCS-0261,Thornbury 600mm Rangehood,04RH60005,Thornbury,Rangehood,Appliances,Current,,2,600,560,580,,,Stainless Steel,1593.81,2117.78,24.7,Yes,,,,2026-07-13
MCS-0262,Thornbury 600mm Rangehood,04RH60006,Thornbury,Rangehood,Appliances,Current,,3,600,600,560,,,Chrome,963.46,1342.17,28.2,Yes,,,,2025-12-01
MCS-0263,Thornbury 600mm Rangehood,04RH60007,Thornbury,Rangehood,Appliances,Current,,8,600,595,570,,,Gloss White,605.12,824.99,26.7,Yes,,,,2026-03-05
MCS-0264,Thornbury 900mm Rangehood,04RH90008,Thornbury,Rangehood,Appliances,Current,,4,900,590,580,,,Matte Black,466.36,648.72,28.1,Yes,,,,2026-05-05
MCS-0265,Thornbury 600mm Rangehood,04RH60009,Thornbury,Rangehood,Appliances,Current,,4,600,595,570,,,Stainless Steel,1145.16,1481.03,22.7,No,,,,2026-05-03
MCS-0266,Thornbury 450mm Rangehood,04RH45010,Thornbury,Rangehood,Appliances,Superseded,MCS-0236,14,450,595,580,,,Gunmetal,409.19,489.89,16.5,Yes,,,,2025-12-23
MCS-0267,Thornbury 450mm Rangehood,04RH45011,Thornbury,Rangehood,Appliances,Discontinued,MCS-0251,26,450,600,550,,,Gloss White,350.53,441.03,20.5,No,,,,2026-02-24
MCS-0268,Thornbury 600mm Rangehood,04RH60012,Thornbury,Rangehood,Appliances,Current,,6,600,560,560,,,Gloss White,1424.81,1948.33,26.9,Yes,,,,2025-12-22
MCS-0269,Cassini 900mm Rangehood,05RH90001,Cassini,Rangehood,Appliances,Current,,4,900,590,580,,,Stainless Steel,882.22,1137.24,22.4,Yes,,,,2026-04-05
MCS-0270,Cassini 600mm Rangehood,05RH60002,Cassini,Rangehood,Appliances,Current,,2,600,595,570,,,Brushed Brass,1490.21,1770.57,15.8,Yes,,,,2025-11-25
MCS-0271,Cassini 900mm Rangehood,05RH90003,Cassini,Rangehood,Appliances,Current,,2,900,595,560,,,Gunmetal,1147.95,1427.31,19.6,Yes,,,,2026-04-01
MCS-0272,Cassini 600mm Rangehood,05RH60004,Cassini,Rangehood,Appliances,Current,,3,600,600,560,,,Stainless Steel,1654.96,2040.8,18.9,Yes,,,,2025-12-03
MCS-0273,Cassini 600mm Rangehood,05RH60005,Cassini,Rangehood,Appliances,Superseded,MCS-0230,16,600,560,560,,,Gloss White,906.39,1248.66,27.4,No,,,,2026-09-02
MCS-0274,Cassini 600mm Rangehood,05RH60006,Cassini,Rangehood,Appliances,Current,,4,600,590,560,,,Stainless Steel,1777.23,2301.99,22.8,No,,,,2025-12-05
MCS-0275,Cassini 600mm Rangehood,05RH60007,Cassini,Rangehood,Appliances,Current,,3,600,600,570,,,Gloss White,1625.52,2145.2,24.2,Yes,,,,2026-07-21
MCS-0276,Cassini 900mm Rangehood,05RH90008,Cassini,Rangehood,Appliances,Current,,2,900,600,550,,,Chrome,1228.47,1575.75,22.0,No,,,,2026-02-20
MCS-0277,Cassini 750mm Rangehood,05RH75009,Cassini,Rangehood,Appliances,Current,,2,750,595,550,,,Chrome,989.79,1293.52,23.5,No,,,,2026-01-01
MCS-0278,Cassini 450mm Rangehood,05RH45010,Cassini,Rangehood,Appliances,Current,,6,450,600,570,,,Gunmetal,573.73,677.27,15.3,Yes,,,,2026-06-08
MCS-0279,Cassini 750mm Rangehood,05RH75011,Cassini,Rangehood,Appliances,Current,,3,750,600,550,,,Gloss White,1430.75,1831.32,21.9,Yes,,,,2026-02-21
MCS-0280,Cassini 750mm Rangehood,05RH75012,Cassini,Rangehood,Appliances,Current,,2,750,595,550,,,Chrome,1402.87,1972.53,28.9,Yes,,,,2026-02-28
MCS-0281,Cassini 600mm Rangehood,05RH60013,Cassini,Rangehood,Appliances,Current,,8,600,600,550,,,Chrome,1731.23,2162.22,19.9,No,,,,2026-01-25
MCS-0282,Garrow 450mm Rangehood,06RH45001,Garrow,Rangehood,Appliances,Current,,2,450,595,550,,,Matte Black,510.94,671.64,23.9,Yes,,,,2026-03-11
MCS-0283,Garrow 600mm Rangehood,06RH60002,Garrow,Rangehood,Appliances,Current,,2,600,600,570,,,Gunmetal,1150.0,1423.17,19.2,No,,,,2026-07-29
MCS-0284,Garrow 900mm Rangehood,06RH90003,Garrow,Rangehood,Appliances,Discontinued,MCS-0269,20,900,595,550,,,Brushed Brass,939.66,1197.4,21.5,No,,,,2026-04-21
MCS-0285,Garrow 600mm Rangehood,06RH60004,Garrow,Rangehood,Appliances,Current,,4,600,590,560,,,Brushed Brass,1137.27,1459.74,22.1,No,,,,2026-05-27
MCS-0286,Garrow 750mm Rangehood,06RH75005,Garrow,Rangehood,Appliances,Current,,3,750,600,580,,,Matte Black,420.1,585.75,28.3,No,,,,2025-12-29
MCS-0287,Garrow 600mm Rangehood,06RH60006,Garrow,Rangehood,Appliances,Current,,4,600,600,560,,,Matte Black,541.63,742.22,27.0,No,,,,2026-01-05
MCS-0288,Garrow 600mm Rangehood,06RH60007,Garrow,Rangehood,Appliances,Current,,4,600,595,570,,,Gunmetal,1241.64,1683.37,26.2,Yes,,,,2025-11-25
MCS-0289,Garrow 750mm Rangehood,06RH75008,Garrow,Rangehood,Appliances,Current,,2,750,600,550,,,Chrome,791.04,1011.35,21.8,No,,,,2026-01-04
MCS-0290,Garrow 900mm Rangehood,06RH90009,Garrow,Rangehood,Appliances,Current,,2,900,600,580,,,Gunmetal,304.17,394.54,22.9,Yes,,,,2026-04-01
MCS-0291,Garrow 600mm Rangehood,06RH60010,Garrow,Rangehood,Appliances,Superseded,MCS-0274,16,600,595,580,,,Stainless Steel,802.62,967.51,17.0,Yes,,,,2026-08-09
MCS-0292,Garrow 750mm Rangehood,06RH75011,Garrow,Rangehood,Appliances,Superseded,MCS-0221,16,750,600,570,,,Stainless Steel,1175.35,1418.47,17.1,Yes,,,,2025-12-04
MCS-0293,Garrow 600mm Rangehood,06RH60012,Garrow,Rangehood,Appliances,Current,,4,600,595,560,,,Brushed Brass,207.23,285.9,27.5,Yes,,,,2026-08-03
MCS-0294,Garrow 450mm Rangehood,06RH45013,Garrow,Rangehood,Appliances,Superseded,MCS-0282,14,450,590,560,,,Brushed Brass,1049.94,1395.28,24.8,Yes,,,,2026-06-17
MCS-0295,Garrow 900mm Rangehood,06RH90014,Garrow,Rangehood,Appliances,Current,,2,900,600,570,,,Chrome,1257.21,1702.91,26.2,Yes,,,,2025-12-07
MCS-0296,Valdora 750mm Microwave,01MW75001,Valdora,Microwave,Appliances,Superseded,MCS-0335,10,750,595,550,,,Gloss White,1454.45,1963.13,25.9,Yes,,,,2026-03-04
MCS-0297,Valdora 900mm Microwave,01MW90002,Valdora,Microwave,Appliances,Current,,4,900,590,550,,,Stainless Steel,1164.49,1387.07,16.0,Yes,,,,2026-02-23
MCS-0298,Valdora 600mm Microwave,01MW60003,Valdora,Microwave,Appliances,Current,,4,600,595,550,,,Gloss White,1701.59,2327.28,26.9,Yes,,,,2026-02-18
MCS-0299,Valdora 900mm Microwave,01MW90004,Valdora,Microwave,Appliances,Superseded,MCS-0297,16,900,595,560,,,Gloss White,888.17,1112.49,20.2,No,,,,2026-05-26
MCS-0300,Valdora 750mm Microwave,01MW75005,Valdora,Microwave,Appliances,Current,,3,750,560,580,,,Matte Black,1133.94,1544.08,26.6,Yes,,,,2026-03-07
MCS-0301,Valdora 600mm Microwave,01MW60006,Valdora,Microwave,Appliances,Current,,4,600,560,560,,,Gunmetal,828.88,998.59,17.0,Yes,,,,2026-06-29
MCS-0302,Valdora 450mm Microwave,01MW45007,Valdora,Microwave,Appliances,Current,,4,450,560,570,,,Chrome,1201.11,1526.14,21.3,No,,,,2026-04-01
MCS-0303,Valdora 750mm Microwave,01MW75008,Valdora,Microwave,Appliances,Current,,4,750,595,560,,,Stainless Steel,804.8,974.34,17.4,Yes,,,,2025-11-24
MCS-0304,Valdora 600mm Microwave,01MW60009,Valdora,Microwave,Appliances,Current,,2,600,560,580,,,Chrome,1164.91,1644.28,29.2,No,,,,2026-04-22
MCS-0305,Valdora 450mm Microwave,01MW45010,Valdora,Microwave,Appliances,Current,,8,450,595,580,,,Matte Black,1693.93,2396.01,29.3,Yes,,,,2026-02-26
MCS-0306,Valdora 900mm Microwave,01MW90011,Valdora,Microwave,Appliances,Current,,6,900,560,570,,,Chrome,844.36,1032.02,18.2,No,,,,2026-02-12
MCS-0307,Nordveld 450mm Microwave,02MW45001,Nordveld,Microwave,Appliances,Current,,2,450,600,550,,,Matte Black,1531.31,1872.22,18.2,No,,,,2026-05-22
MCS-0308,Nordveld 600mm Microwave,02MW60002,Nordveld,Microwave,Appliances,Current,,6,600,590,580,,,Chrome,1116.21,1402.74,20.4,Yes,,,,2026-08-15
MCS-0309,Nordveld 600mm Microwave,02MW60003,Nordveld,Microwave,Appliances,Current,,4,600,600,570,,,Brushed Brass,509.09,657.5,22.6,No,,,,2026-01-28
MCS-0310,Nordveld 450mm Microwave,02MW45004,Nordveld,Microwave,Appliances,Discontinued,MCS-0326,24,450,590,580,,,Chrome,660.96,886.87,25.5,No,,,,2026-09-03
MCS-0311,Nordveld 900mm Microwave,02MW90005,Nordveld,Microwave,Appliances,Current,,2,900,560,570,,,Gunmetal,600.78,738.55,18.7,Yes,,,,2026-02-17
MCS-0312,Nordveld 900mm Microwave,02MW90006,Nordveld,Microwave,Appliances,Current,,2,900,560,570,,,Stainless Steel,895.3,1193.48,25.0,Yes,,,,2026-03-08
MCS-0313,Nordveld 750mm Microwave,02MW75007,Nordveld,Microwave,Appliances,Current,,4,750,560,550,,,Stainless Steel,430.54,510.85,15.7,Yes,,,,2026-01-23
MCS-0314,Nordveld 450mm Microwave,02MW45008,Nordveld,Microwave,Appliances,Current,,6,450,590,550,,,Stainless Steel,899.74,1155.87,22.2,Yes,,,,2026-06-17
MCS-0315,Nordveld 450mm Microwave,02MW45009,Nordveld,Microwave,Appliances,Current,,2,450,560,580,,,Brushed Brass,1011.46,1311.49,22.9,Yes,,,,2026-02-02
MCS-0316,Ambrisi 600mm Microwave,03MW60001,Ambrisi,Microwave,Appliances,Discontinued,MCS-0331,20,600,595,570,,,Gloss White,1572.1,2145.3,26.7,Yes,,,,2025-12-30
MCS-0317,Ambrisi 750mm Microwave,03MW75002,Ambrisi,Microwave,Appliances,Current,,3,750,595,550,,,Brushed Brass,1226.4,1726.25,29.0,Yes,,,,2026-01-18
MCS-0318,Ambrisi 750mm Microwave,03MW75003,Ambrisi,Microwave,Appliances,Current,,8,750,595,560,,,Gunmetal,1656.73,2341.19,29.2,Yes,,,,2025-11-21
MCS-0319,Ambrisi 600mm Microwave,03MW60004,Ambrisi,Microwave,Appliances,Current,,2,600,560,570,,,Chrome,2193.57,2725.58,19.5,Yes,,,,2025-12-09
MCS-0320,Ambrisi 600mm Microwave,03MW60005,Ambrisi,Microwave,Appliances,Superseded,MCS-0298,6,600,590,570,,,Stainless Steel,1640.0,2038.38,19.5,Yes,,,,2026-06-26
MCS-0321,Ambrisi 450mm Microwave,03MW45006,Ambrisi,Microwave,Appliances,Current,,8,450,560,580,,,Chrome,1260.39,1771.02,28.8,Yes,,,,2026-08-29
MCS-0322,Ambrisi 750mm Microwave,03MW75007,Ambrisi,Microwave,Appliances,Current,,4,750,560,570,,,Stainless Steel,1136.26,1571.99,27.7,No,,,,2026-05-20
MCS-0323,Ambrisi 900mm Microwave,03MW90008,Ambrisi,Microwave,Appliances,Current,,6,900,600,550,,,Brushed Brass,1796.79,2144.43,16.2,No,,,,2026-02-18
MCS-0324,Ambrisi 600mm Microwave,03MW60009,Ambrisi,Microwave,Appliances,Current,,8,600,560,570,,,Stainless Steel,1753.45,2367.31,25.9,No,,,,2026-08-16
MCS-0325,Thornbury 600mm Microwave,04MW60001,Thornbury,Microwave,Appliances,Current,,2,600,600,550,,,Chrome,709.39,968.89,26.8,Yes,,,,2026-06-01
MCS-0326,Thornbury 450mm Microwave,04MW45002,Thornbury,Microwave,Appliances,Current,,2,450,595,550,,,Gunmetal,721.09,921.87,21.8,No,,,,2026-05-01
MCS-0327,Thornbury 900mm Microwave,04MW90003,Thornbury,Microwave,Appliances,Current,,4,900,590,580,,,Brushed Brass,470.51,623.78,24.6,Yes,,,,2026-05-16
MCS-0328,Thornbury 600mm Microwave,04MW60004,Thornbury,Microwave,Appliances,Current,,4,600,560,550,,,Gunmetal,771.85,976.16,20.9,Yes,,,,2025-12-26
MCS-0329,Thornbury 900mm Microwave,04MW90005,Thornbury,Microwave,Appliances,Superseded,MCS-0337,6,900,600,570,,,Matte Black,726.7,937.3,22.5,No,,,,2026-07-22
MCS-0330,Thornbury 900mm Microwave,04MW90006,Thornbury,Microwave,Appliances,Current,,3,900,560,570,,,Gloss White,1153.2,1373.05,16.0,No,,,,2025-12-24
MCS-0331,Thornbury 600mm Microwave,04MW60007,Thornbury,Microwave,Appliances,Current,,4,600,590,570,,,Gloss White,953.51,1255.55,24.1,No,,,,2026-01-25
MCS-0332,Thornbury 900mm Microwave,04MW90008,Thornbury,Microwave,Appliances,Superseded,MCS-0346,16,900,600,560,,,Gunmetal,694.59,881.21,21.2,Yes,,,,2026-04-14
MCS-0333,Thornbury 750mm Microwave,04MW75009,Thornbury,Microwave,Appliances,Superseded,MCS-0322,14,750,590,550,,,Chrome,401.02,532.0,24.6,No,,,,2026-01-24
MCS-0334,Thornbury 750mm Microwave,04MW75010,Thornbury,Microwave,Appliances,Current,,3,750,560,550,,,Gloss White,524.99,675.43,22.3,Yes,,,,2025-12-23
MCS-0335,Thornbury 750mm Microwave,04MW75011,Thornbury,Microwave,Appliances,Current,,2,750,600,570,,,Gloss White,1017.4,1311.66,22.4,No,,,,2026-07-18
MCS-0336,Thornbury 900mm Microwave,04MW90012,Thornbury,Microwave,Appliances,Current,,6,900,595,560,,,Gunmetal,819.04,1051.65,22.1,No,,,,2025-12-02
MCS-0337,Thornbury 900mm Microwave,04MW90013,Thornbury,Microwave,Appliances,Current,,8,900,595,560,,,Matte Black,581.2,707.84,17.9,No,,,,2026-05-17
MCS-0338,Thornbury 450mm Microwave,04MW45014,Thornbury,Microwave,Appliances,Current,,2,450,590,550,,,Chrome,675.79,923.19,26.8,Yes,,,,2026-08-26
MCS-0339,Thornbury 900mm Microwave,04MW90015,Thornbury,Microwave,Appliances,Current,,4,900,595,570,,,Brushed Brass,917.81,1120.86,18.1,Yes,,,,2026-06-03
MCS-0340,Thornbury 600mm Microwave,04MW60016,Thornbury,Microwave,Appliances,Current,,8,600,595,550,,,Chrome,1173.48,1384.98,15.3,Yes,,,,2026-07-11
MCS-0341,Cassini 750mm Microwave,05MW75001,Cassini,Microwave,Appliances,Superseded,MCS-0365,10,750,590,580,,,Gunmetal,468.34,589.38,20.5,Yes,,,,2026-03-01
MCS-0342,Cassini 600mm Microwave,05MW60002,Cassini,Microwave,Appliances,Discontinued,MCS-0308,18,600,595,580,,,Gloss White,906.99,1252.2,27.6,No,,,,2026-07-08
MCS-0343,Cassini 750mm Microwave,05MW75003,Cassini,Microwave,Appliances,Current,,4,750,595,570,,,Matte Black,785.51,989.24,20.6,Yes,,,,2026-03-23
MCS-0344,Cassini 600mm Microwave,05MW60004,Cassini,Microwave,Appliances,Current,,4,600,595,570,,,Matte Black,892.21,1109.87,19.6,Yes,,,,2026-07-21
MCS-0345,Cassini 600mm Microwave,05MW60005,Cassini,Microwave,Appliances,Discontinued,MCS-0325,24,600,560,560,,,Gunmetal,1163.06,1433.56,18.9,Yes,,,,2026-03-10
MCS-0346,Cassini 900mm Microwave,05MW90006,Cassini,Microwave,Appliances,Current,,2,900,590,580,,,Brushed Brass,478.98,633.62,24.4,Yes,,,,2026-07-28
MCS-0347,Cassini 450mm Microwave,05MW45007,Cassini,Microwave,Appliances,Current,,6,450,600,570,,,Brushed Brass,648.97,781.94,17.0,Yes,,,,2026-04-17
MCS-0348,Cassini 450mm Microwave,05MW45008,Cassini,Microwave,Appliances,Current,,6,450,590,570,,,Gunmetal,722.1,935.37,22.8,Yes,,,,2026-07-24
MCS-0349,Cassini 750mm Microwave,05MW75009,Cassini,Microwave,Appliances,Current,,6,750,560,550,,,Stainless Steel,893.94,1124.33,20.5,Yes,,,,2026-02-18
MCS-0350,Cassini 900mm Microwave,05MW90010,Cassini,Microwave,Appliances,Current,,8,900,590,580,,,Chrome,441.82,603.47,26.8,Yes,,,,2026-08-15
MCS-0351,Cassini 450mm Microwave,05MW45011,Cassini,Microwave,Appliances,Current,,6,450,595,550,,,Stainless Steel,783.97,935.02,16.2,Yes,,,,2025-12-05
MCS-0352,Cassini 450mm Microwave,05MW45012,Cassini,Microwave,Appliances,Current,,2,450,595,560,,,Brushed Brass,792.42,1110.85,28.7,Yes,,,,2026-03-17
MCS-0353,Cassini 750mm Microwave,05MW75013,Cassini,Microwave,Appliances,Current,,4,750,600,550,,,Gunmetal,924.35,1137.45,18.7,No,,,,2026-04-09
MCS-0354,Cassini 900mm Microwave,05MW90014,Cassini,Microwave,Appliances,Current,,3,900,600,570,,,Chrome,834.23,1010.7,17.5,Yes,,,,2026-04-07
MCS-0355,Cassini 450mm Microwave,05MW45015,Cassini,Microwave,Appliances,Superseded,MCS-0321,6,450,590,570,,,Brushed Brass,782.87,954.54,18.0,Yes,,,,2026-05-09
MCS-0356,Garrow 450mm Microwave,06MW45001,Garrow,Microwave,Appliances,Current,,2,450,590,560,,,Stainless Steel,196.77,251.4,21.7,Yes,,,,2026-01-14
MCS-0357,Garrow 450mm Microwave,06MW45002,Garrow,Microwave,Appliances,Current,,6,450,590,580,,,Gloss White,451.72,626.51,27.9,No,,,,2026-07-18
MCS-0358,Garrow 750mm Microwave,06MW75003,Garrow,Microwave,Appliances,Superseded,MCS-0322,10,750,595,580,,,Stainless Steel,206.75,272.38,24.1,No,,,,2026-01-19
MCS-0359,Garrow 450mm Microwave,06MW45004,Garrow,Microwave,Appliances,Current,,6,450,560,550,,,Brushed Brass,724.82,884.17,18.0,Yes,,,,2026-06-08
MCS-0360,Garrow 900mm Microwave,06MW90005,Garrow,Microwave,Appliances,Current,,4,900,590,580,,,Gunmetal,434.08,529.88,18.1,Yes,,,,2026-09-02
MCS-0361,Garrow 450mm Microwave,06MW45006,Garrow,Microwave,Appliances,Current,,4,450,600,580,,,Gloss White,771.27,981.51,21.4,No,,,,2026-01-01
MCS-0362,Garrow 450mm Microwave,06MW45007,Garrow,Microwave,Appliances,Current,,4,450,590,580,,,Brushed Brass,369.67,441.03,16.2,No,,,,2026-02-03
MCS-0363,Garrow 750mm Microwave,06MW75008,Garrow,Microwave,Appliances,Current,,3,750,560,580,,,Matte Black,272.99,344.41,20.7,Yes,,,,2026-08-09
MCS-0364,Garrow 900mm Microwave,06MW90009,Garrow,Microwave,Appliances,Superseded,MCS-0336,6,900,590,560,,,Stainless Steel,352.79,444.16,20.6,No,,,,2025-11-30
MCS-0365,Garrow 750mm Microwave,06MW75010,Garrow,Microwave,Appliances,Current,,4,750,595,570,,,Chrome,759.0,983.96,22.9,Yes,,,,2025-11-29
MCS-0366,Garrow 450mm Microwave,06MW45011,Garrow,Microwave,Appliances,Current,,6,450,590,550,,,Chrome,666.54,848.55,21.4,Yes,,,,2026-05-21
MCS-0367,Garrow 600mm Microwave,06MW60012,Garrow,Microwave,Appliances,Current,,2,600,600,580,,,Stainless Steel,625.48,882.29,29.1,No,,,,2025-11-21
MCS-0368,Garrow 600mm Microwave,06MW60013,Garrow,Microwave,Appliances,Current,,4,600,595,560,,,Matte Black,389.51,485.04,19.7,Yes,,,,2026-03-05
MCS-0369,Garrow 600mm Microwave,06MW60014,Garrow,Microwave,Appliances,Superseded,MCS-0331,6,600,560,560,,,Gunmetal,818.63,981.04,16.6,No,,,,2026-01-25
MCS-0370,Havelock Basin,09BN001,Havelock,Basin,Sanitaryware,Discontinued,MCS-0385,20,,,,,,Stainless Steel,734.12,1007.59,27.1,Yes,,,WMKA23760,2025-12-19
MCS-0371,Havelock Basin,09BN002,Havelock,Basin,Sanitaryware,Current,,8,,,,,,Gunmetal,139.24,169.89,18.0,Yes,,,WMKA29640,2026-07-16
MCS-0372,Havelock Basin,09BN003,Havelock,Basin,Sanitaryware,Current,,2,,,,,,Brushed Brass,824.47,1029.74,19.9,Yes,,,WMKA29652,2025-11-28
MCS-0373,Havelock Basin,09BN004,Havelock,Basin,Sanitaryware,Current,,6,,,,,,Matte Black,339.88,482.43,29.5,Yes,,,WMKA29012,2025-12-22
MCS-0374,Havelock Basin,09BN005,Havelock,Basin,Sanitaryware,Current,,2,,,,,,Chrome,611.24,733.76,16.7,Yes,,,WMKA25570,2026-01-09
MCS-0375,Havelock Basin,09BN006,Havelock,Basin,Sanitaryware,Current,,2,,,,,,Gloss White,803.21,1083.31,25.9,No,,,WMKA20363,2026-05-17
MCS-0376,Havelock Basin,09BN007,Havelock,Basin,Sanitaryware,Superseded,MCS-0391,6,,,,,,Brushed Brass,546.55,762.0,28.3,Yes,,,WMKA22568,2026-07-15
MCS-0377,Havelock Basin,09BN008,Havelock,Basin,Sanitaryware,Current,,8,,,,,,Gloss White,287.0,382.23,24.9,Yes,,,WMKA26285,2025-12-09
MCS-0378,Havelock Basin,09BN009,Havelock,Basin,Sanitaryware,Discontinued,MCS-0381,20,,,,,,Brushed Brass,406.73,535.7,24.1,Yes,,,WMKA28249,2026-02-11
MCS-0379,Havelock Basin,09BN010,Havelock,Basin,Sanitaryware,Current,,6,,,,,,Brushed Brass,350.23,421.07,16.8,No,,,WMKA28188,2026-02-13
MCS-0380,Havelock Basin,09BN011,Havelock,Basin,Sanitaryware,Superseded,MCS-0384,10,,,,,,Stainless Steel,759.52,1046.98,27.5,No,,,WMKA20816,2026-08-16
MCS-0381,Havelock Basin,09BN012,Havelock,Basin,Sanitaryware,Current,,2,,,,,,Gloss White,215.66,260.14,17.1,No,,,WMKA28609,2026-03-09
MCS-0382,Havelock Basin,09BN013,Havelock,Basin,Sanitaryware,Current,,3,,,,,,Brushed Brass,797.67,996.81,20.0,Yes,,,WMKA28236,2026-07-22
MCS-0383,Havelock Basin,09BN014,Havelock,Basin,Sanitaryware,Current,,4,,,,,,Stainless Steel,825.87,1101.34,25.0,Yes,,,WMKA20305,2026-03-27
MCS-0384,Lumenware Basin,10BN001,Lumenware,Basin,Sanitaryware,Current,,6,,,,,,Gloss White,768.31,1050.0,26.8,Yes,,,WMKA21360,2025-11-24
MCS-0385,Lumenware Basin,10BN002,Lumenware,Basin,Sanitaryware,Current,,2,,,,,,Gloss White,1248.98,1740.4,28.2,Yes,,,WMKA28219,2026-07-10
MCS-0386,Lumenware Basin,10BN003,Lumenware,Basin,Sanitaryware,Current,,6,,,,,,Gunmetal,364.49,430.5,15.3,No,,,WMKA21803,2026-01-31
MCS-0387,Lumenware Basin,10BN004,Lumenware,Basin,Sanitaryware,Superseded,MCS-0386,10,,,,,,Chrome,873.89,1069.14,18.3,No,,,WMKA24222,2026-02-03
MCS-0388,Lumenware Basin,10BN005,Lumenware,Basin,Sanitaryware,Current,,4,,,,,,Gloss White,938.69,1216.98,22.9,Yes,,,WMKA20293,2025-12-01
MCS-0389,Lumenware Basin,10BN006,Lumenware,Basin,Sanitaryware,Discontinued,MCS-0379,20,,,,,,Stainless Steel,559.97,705.01,20.6,No,,,WMKA25799,2026-07-25
MCS-0390,Lumenware Basin,10BN007,Lumenware,Basin,Sanitaryware,Current,,4,,,,,,Brushed Brass,712.82,986.37,27.7,No,,,WMKA29655,2025-11-27
MCS-0391,Lumenware Basin,10BN008,Lumenware,Basin,Sanitaryware,Current,,6,,,,,,Brushed Brass,931.95,1131.21,17.6,Yes,,,WMKA25132,2026-02-25
MCS-0392,Lumenware Basin,10BN009,Lumenware,Basin,Sanitaryware,Current,,4,,,,,,Gloss White,997.33,1379.22,27.7,Yes,,,WMKA25208,2026-06-26
MCS-0393,Lumenware Basin,10BN010,Lumenware,Basin,Sanitaryware,Current,,4,,,,,,Matte Black,1064.87,1262.45,15.7,Yes,,,WMKA21830,2026-01-08
MCS-0394,Lumenware Basin,10BN011,Lumenware,Basin,Sanitaryware,Discontinued,MCS-0373,26,,,,,,Chrome,1064.59,1316.59,19.1,Yes,,,WMKA29206,2025-11-25
MCS-0395,Lumenware Basin,10BN012,Lumenware,Basin,Sanitaryware,Superseded,MCS-0386,14,,,,,,Matte Black,271.45,368.3,26.3,Yes,,,WMKA27631,2025-12-29
MCS-0396,Lumenware Basin,10BN013,Lumenware,Basin,Sanitaryware,Superseded,MCS-0371,14,,,,,,Matte Black,214.84,284.12,24.4,No,,,WMKA20653,2026-08-16
MCS-0397,Havelock Toilet Suite,09TS001,Havelock,Toilet Suite,Sanitaryware,Current,,8,,,,,5.0,Gunmetal,1038.64,1238.57,16.1,No,W90236-96,,WMKA22190,2026-03-04
MCS-0398,Havelock Toilet Suite,09TS002,Havelock,Toilet Suite,Sanitaryware,Current,,6,,,,,5.0,Stainless Steel,825.33,1113.5,25.9,Yes,W54777-79,,WMKA28423,2026-01-14
MCS-0399,Havelock Toilet Suite,09TS003,Havelock,Toilet Suite,Sanitaryware,Current,,4,,,,,3.0,Stainless Steel,241.59,295.62,18.3,Yes,W93525-69,,WMKA25784,2026-05-18
MCS-0400,Havelock Toilet Suite,09TS004,Havelock,Toilet Suite,Sanitaryware,Superseded,MCS-0424,6,,,,,3.5,Brushed Brass,816.31,1093.17,25.3,Yes,W50249-15,,WMKA22489,2026-08-07
MCS-0401,Havelock Toilet Suite,09TS005,Havelock,Toilet Suite,Sanitaryware,Current,,4,,,,,5.0,Stainless Steel,364.58,488.31,25.3,Yes,W85605-72,,WMKA21467,2026-05-26
MCS-0402,Havelock Toilet Suite,09TS006,Havelock,Toilet Suite,Sanitaryware,Current,,6,,,,,5.5,Stainless Steel,615.13,858.62,28.4,No,W81961-63,,WMKA20090,2026-04-28
MCS-0403,Havelock Toilet Suite,09TS007,Havelock,Toilet Suite,Sanitaryware,Current,,4,,,,,3.5,Brushed Brass,666.71,851.24,21.7,Yes,W30042-29,,WMKA27623,2026-07-14
MCS-0404,Havelock Toilet Suite,09TS008,Havelock,Toilet Suite,Sanitaryware,Current,,2,,,,,5.5,Brushed Brass,954.95,1264.37,24.5,Yes,W85319-84,,WMKA21386,2026-05-14
MCS-0405,Havelock Toilet Suite,09TS009,Havelock,Toilet Suite,Sanitaryware,Current,,8,,,,,3.5,Matte Black,307.41,409.65,25.0,Yes,W55102-85,,WMKA28292,2026-05-02
MCS-0406,Havelock Toilet Suite,09TS010,Havelock,Toilet Suite,Sanitaryware,Current,,4,,,,,4.0,Chrome,923.38,1218.7,24.2,Yes,W48798-81,,WMKA20105,2025-12-06
MCS-0407,Havelock Toilet Suite,09TS011,Havelock,Toilet Suite,Sanitaryware,Current,,6,,,,,5.0,Gloss White,337.5,439.34,23.2,Yes,W60790-91,,WMKA27035,2025-11-29
MCS-0408,Havelock Toilet Suite,09TS012,Havelock,Toilet Suite,Sanitaryware,Current,,4,,,,,3.5,Brushed Brass,526.06,673.04,21.8,Yes,W19541-19,,WMKA24238,2026-02-02
MCS-0409,Havelock Toilet Suite,09TS013,Havelock,Toilet Suite,Sanitaryware,Current,,3,,,,,4.0,Stainless Steel,1007.61,1343.83,25.0,No,W33913-72,,WMKA22792,2026-01-04
MCS-0410,Havelock Toilet Suite,09TS014,Havelock,Toilet Suite,Sanitaryware,Superseded,MCS-0426,10,,,,,3.5,Brushed Brass,899.59,1222.75,26.4,Yes,W91696-50,,WMKA25946,2026-07-01
MCS-0411,Havelock Toilet Suite,09TS015,Havelock,Toilet Suite,Sanitaryware,Current,,2,,,,,3.5,Matte Black,967.63,1330.97,27.3,No,W79192-53,,WMKA23614,2026-07-11
MCS-0412,Havelock Toilet Suite,09TS016,Havelock,Toilet Suite,Sanitaryware,Current,,4,,,,,5.0,Gunmetal,564.91,745.51,24.2,No,W76637-74,,WMKA21184,2026-06-14
MCS-0413,Lumenware Toilet Suite,10TS001,Lumenware,Toilet Suite,Sanitaryware,Superseded,MCS-0419,6,,,,,5.5,Matte Black,371.3,501.42,26.0,Yes,W48263-54,,WMKA29328,2026-07-16
MCS-0414,Lumenware Toilet Suite,10TS002,Lumenware,Toilet Suite,Sanitaryware,Current,,3,,,,,5.0,Stainless Steel,859.79,1183.29,27.3,Yes,W87324-34,,WMKA24432,2025-12-15
MCS-0415,Lumenware Toilet Suite,10TS003,Lumenware,Toilet Suite,Sanitaryware,Current,,8,,,,,4.5,Chrome,517.65,707.81,26.9,Yes,W42573-73,,WMKA29929,2026-05-27
MCS-0416,Lumenware Toilet Suite,10TS004,Lumenware,Toilet Suite,Sanitaryware,Current,,2,,,,,3.5,Chrome,292.66,363.83,19.6,Yes,W93393-12,,WMKA26073,2026-01-10
MCS-0417,Lumenware Toilet Suite,10TS005,Lumenware,Toilet Suite,Sanitaryware,Current,,2,,,,,4.0,Gunmetal,1537.18,2123.26,27.6,Yes,W91982-58,,WMKA25615,2026-06-02
MCS-0418,Lumenware Toilet Suite,10TS006,Lumenware,Toilet Suite,Sanitaryware,Current,,6,,,,,5.0,Gunmetal,526.78,660.56,20.3,Yes,W22879-83,,WMKA23306,2026-02-04
MCS-0419,Lumenware Toilet Suite,10TS007,Lumenware,Toilet Suite,Sanitaryware,Current,,2,,,,,5.0,Gunmetal,466.09,572.05,18.5,Yes,W75753-97,,WMKA28040,2026-09-01
MCS-0420,Lumenware Toilet Suite,10TS008,Lumenware,Toilet Suite,Sanitaryware,Discontinued,MCS-0414,20,,,,,4.0,Gunmetal,1350.07,1811.16,25.5,Yes,W56895-26,,WMKA24682,2026-07-29
MCS-0421,Lumenware Toilet Suite,10TS009,Lumenware,Toilet Suite,Sanitaryware,Current,,6,,,,,3.5,Gloss White,547.89,749.38,26.9,No,W17660-61,,WMKA21096,2026-07-12
MCS-0422,Lumenware Toilet Suite,10TS010,Lumenware,Toilet Suite,Sanitaryware,Current,,2,,,,,3.5,Chrome,833.16,1041.29,20.0,Yes,W24456-14,,WMKA23853,2025-11-25
MCS-0423,Lumenware Toilet Suite,10TS011,Lumenware,Toilet Suite,Sanitaryware,Current,,2,,,,,5.5,Brushed Brass,1389.49,1774.79,21.7,Yes,W20638-44,,WMKA22856,2026-01-12
MCS-0424,Lumenware Toilet Suite,10TS012,Lumenware,Toilet Suite,Sanitaryware,Current,,4,,,,,5.5,Brushed Brass,1425.29,1810.17,21.3,Yes,W45700-55,,WMKA29749,2026-06-03
MCS-0425,Lumenware Toilet Suite,10TS013,Lumenware,Toilet Suite,Sanitaryware,Current,,3,,,,,3.5,Stainless Steel,325.85,416.58,21.8,No,W56569-92,,WMKA23261,2026-02-24
MCS-0426,Lumenware Toilet Suite,10TS014,Lumenware,Toilet Suite,Sanitaryware,Current,,3,,,,,5.0,Stainless Steel,1592.34,2247.81,29.2,Yes,W74492-78,,WMKA29725,2026-03-20
MCS-0427,Brightwater Basin Mixer,07BM001,Brightwater,Basin Mixer,Tapware,Superseded,MCS-0436,6,,,,,5.5,Matte Black,260.06,367.92,29.3,Yes,W50529-13,,WMKA23545,2026-08-11
MCS-0428,Brightwater Basin Mixer,07BM002,Brightwater,Basin Mixer,Tapware,Current,,4,,,,,5.5,Stainless Steel,597.01,730.4,18.3,Yes,W59245-95,,WMKA27685,2026-05-24
MCS-0429,Brightwater Basin Mixer,07BM003,Brightwater,Basin Mixer,Tapware,Current,,3,,,,,4.0,Brushed Brass,188.31,230.86,18.4,Yes,W53136-50,,WMKA27143,2026-05-24
MCS-0430,Brightwater Basin Mixer,07BM004,Brightwater,Basin Mixer,Tapware,Current,,3,,,,,5.0,Stainless Steel,122.84,156.56,21.5,Yes,W52340-69,,WMKA28788,2025-12-19
MCS-0431,Brightwater Basin Mixer,07BM005,Brightwater,Basin Mixer,Tapware,Current,,2,,,,,3.5,Chrome,534.57,734.77,27.2,Yes,W99325-33,,WMKA29118,2025-12-23
MCS-0432,Brightwater Basin Mixer,07BM006,Brightwater,Basin Mixer,Tapware,Current,,8,,,,,3.0,Brushed Brass,528.16,720.36,26.7,Yes,W82158-41,,WMKA20006,2026-01-23
MCS-0433,Brightwater Basin Mixer,07BM007,Brightwater,Basin Mixer,Tapware,Current,,8,,,,,3.5,Chrome,111.7,155.9,28.4,Yes,W94967-92,,WMKA21582,2026-06-16
MCS-0434,Brightwater Basin Mixer,07BM008,Brightwater,Basin Mixer,Tapware,Current,,4,,,,,4.0,Chrome,545.34,702.54,22.4,Yes,W40119-97,,WMKA27124,2026-06-10
MCS-0435,Brightwater Basin Mixer,07BM009,Brightwater,Basin Mixer,Tapware,Current,,4,,,,,6.0,Chrome,403.25,484.48,16.8,Yes,W40069-56,,WMKA27372,2025-11-22
MCS-0436,Brightwater Basin Mixer,07BM010,Brightwater,Basin Mixer,Tapware,Current,,6,,,,,5.5,Gloss White,117.33,148.82,21.2,Yes,W41298-22,,WMKA23252,2026-07-29
MCS-0437,Brightwater Basin Mixer,07BM011,Brightwater,Basin Mixer,Tapware,Current,,4,,,,,3.0,Matte Black,418.69,542.49,22.8,No,W18637-97,,WMKA25362,2026-06-05
MCS-0438,Brightwater Basin Mixer,07BM012,Brightwater,Basin Mixer,Tapware,Current,,3,,,,,4.0,Gunmetal,297.84,389.45,23.5,Yes,W54745-32,,WMKA25396,2025-11-24
MCS-0439,Peralta Basin Mixer,08BM001,Peralta,Basin Mixer,Tapware,Superseded,MCS-0435,14,,,,,4.0,Gunmetal,754.69,904.28,16.5,No,W53305-22,,WMKA28010,2026-05-06
MCS-0440,Peralta Basin Mixer,08BM002,Peralta,Basin Mixer,Tapware,Current,,3,,,,,5.0,Stainless Steel,655.69,835.3,21.5,No,W52191-67,,WMKA26035,2026-07-02
MCS-0441,Peralta Basin Mixer,08BM003,Peralta,Basin Mixer,Tapware,Current,,2,,,,,4.5,Gloss White,717.17,885.42,19.0,Yes,W50123-74,,WMKA22102,2026-02-04
MCS-0442,Peralta Basin Mixer,08BM004,Peralta,Basin Mixer,Tapware,Current,,6,,,,,3.5,Gloss White,685.18,901.48,24.0,Yes,W22342-40,,WMKA26898,2026-08-29
MCS-0443,Peralta Basin Mixer,08BM005,Peralta,Basin Mixer,Tapware,Current,,4,,,,,3.5,Matte Black,301.61,415.44,27.4,No,W61189-88,,WMKA25295,2026-01-18
MCS-0444,Peralta Basin Mixer,08BM006,Peralta,Basin Mixer,Tapware,Current,,4,,,,,3.5,Stainless Steel,559.2,671.03,16.7,No,W81362-82,,WMKA23045,2026-05-19
MCS-0445,Peralta Basin Mixer,08BM007,Peralta,Basin Mixer,Tapware,Current,,4,,,,,4.5,Chrome,412.06,493.3,16.5,Yes,W44363-85,,WMKA24285,2026-02-13
MCS-0446,Peralta Basin Mixer,08BM008,Peralta,Basin Mixer,Tapware,Discontinued,MCS-0434,18,,,,,5.0,Matte Black,459.67,614.72,25.2,No,W14360-48,,WMKA28843,2026-06-11
MCS-0447,Peralta Basin Mixer,08BM009,Peralta,Basin Mixer,Tapware,Current,,2,,,,,5.0,Gunmetal,498.0,639.11,22.1,Yes,W58793-98,,WMKA27056,2026-03-29
MCS-0448,Peralta Basin Mixer,08BM010,Peralta,Basin Mixer,Tapware,Current,,6,,,,,4.5,Gunmetal,830.04,1107.41,25.0,No,W12863-87,,WMKA20729,2026-01-25
MCS-0449,Peralta Basin Mixer,08BM011,Peralta,Basin Mixer,Tapware,Current,,8,,,,,3.0,Gloss White,835.79,1183.65,29.4,Yes,W79747-75,,WMKA20408,2026-01-30
MCS-0450,Peralta Basin Mixer,08BM012,Peralta,Basin Mixer,Tapware,Current,,3,,,,,6.0,Chrome,832.92,1163.56,28.4,No,W75823-58,,WMKA27496,2026-01-14
MCS-0451,Peralta Basin Mixer,08BM013,Peralta,Basin Mixer,Tapware,Current,,2,,,,,4.0,Stainless Steel,173.25,216.71,20.1,No,W59009-83,,WMKA25700,2026-04-15
MCS-0452,Peralta Basin Mixer,08BM014,Peralta,Basin Mixer,Tapware,Current,,6,,,,,4.5,Chrome,284.34,359.91,21.0,Yes,W48999-93,,WMKA24587,2026-06-17
MCS-0453,Peralta Basin Mixer,08BM015,Peralta,Basin Mixer,Tapware,Discontinued,MCS-0450,20,,,,,5.5,Gloss White,309.63,428.4,27.7,Yes,W37427-39,,WMKA20469,2026-07-25
MCS-0454,Brightwater Shower Set,07SS001,Brightwater,Shower Set,Tapware,Current,,3,,,,,5.5,Gunmetal,832.91,1041.47,20.0,Yes,W92369-76,,WMKA26639,2026-04-12
MCS-0455,Brightwater Shower Set,07SS002,Brightwater,Shower Set,Tapware,Current,,8,,,,,3.0,Matte Black,502.57,637.62,21.2,Yes,W28867-90,,WMKA29290,2026-08-06
MCS-0456,Brightwater Shower Set,07SS003,Brightwater,Shower Set,Tapware,Discontinued,MCS-0464,20,,,,,4.5,Matte Black,567.75,732.8,22.5,No,W48122-22,,WMKA26753,2026-04-02
MCS-0457,Brightwater Shower Set,07SS004,Brightwater,Shower Set,Tapware,Discontinued,MCS-0461,18,,,,,5.5,Matte Black,615.24,789.9,22.1,Yes,W87096-12,,WMKA25383,2026-04-09
MCS-0458,Brightwater Shower Set,07SS005,Brightwater,Shower Set,Tapware,Current,,4,,,,,5.5,Gunmetal,879.04,1062.86,17.3,Yes,W43889-80,,WMKA26502,2026-06-29
MCS-0459,Brightwater Shower Set,07SS006,Brightwater,Shower Set,Tapware,Current,,6,,,,,3.5,Stainless Steel,852.61,1192.35,28.5,No,W65589-38,,WMKA28881,2026-04-24
MCS-0460,Brightwater Shower Set,07SS007,Brightwater,Shower Set,Tapware,Current,,2,,,,,5.0,Chrome,174.41,240.25,27.4,No,W36495-96,,WMKA24604,2026-01-14
MCS-0461,Brightwater Shower Set,07SS008,Brightwater,Shower Set,Tapware,Current,,4,,,,,3.5,Matte Black,173.95,214.8,19.0,Yes,W96009-84,,WMKA22846,2026-02-18
MCS-0462,Brightwater Shower Set,07SS009,Brightwater,Shower Set,Tapware,Discontinued,MCS-0455,26,,,,,4.0,Gunmetal,250.97,302.58,17.1,Yes,W61134-42,,WMKA26456,2026-03-16
MCS-0463,Brightwater Shower Set,07SS010,Brightwater,Shower Set,Tapware,Current,,8,,,,,3.0,Matte Black,422.2,543.74,22.4,Yes,W59552-69,,WMKA27705,2026-02-22
MCS-0464,Brightwater Shower Set,07SS011,Brightwater,Shower Set,Tapware,Current,,4,,,,,4.5,Chrome,198.62,265.89,25.3,Yes,W37628-63,,WMKA23268,2026-07-11
MCS-0465,Brightwater Shower Set,07SS012,Brightwater,Shower Set,Tapware,Current,,8,,,,,3.5,Gunmetal,704.9,984.96,28.4,No,W29295-22,,WMKA25408,2026-07-30
MCS-0466,Brightwater Shower Set,07SS013,Brightwater,Shower Set,Tapware,Current,,8,,,,,3.0,Brushed Brass,661.9,864.78,23.5,Yes,W94820-28,,WMKA25006,2026-08-19
MCS-0467,Peralta Shower Set,08SS001,Peralta,Shower Set,Tapware,Current,,8,,,,,6.0,Brushed Brass,855.91,1072.66,20.2,No,W69659-82,,WMKA27671,2025-12-10
MCS-0468,Peralta Shower Set,08SS002,Peralta,Shower Set,Tapware,Current,,4,,,,,4.5,Brushed Brass,242.35,328.47,26.2,Yes,W50709-83,,WMKA22927,2026-01-25
MCS-0469,Peralta Shower Set,08SS003,Peralta,Shower Set,Tapware,Current,,8,,,,,5.5,Brushed Brass,598.67,711.41,15.8,No,W88639-32,,WMKA24646,2026-03-15
MCS-0470,Peralta Shower Set,08SS004,Peralta,Shower Set,Tapware,Discontinued,MCS-0477,24,,,,,5.5,Brushed Brass,977.1,1264.49,22.7,No,W71180-94,,WMKA28641,2026-04-24
MCS-0471,Peralta Shower Set,08SS005,Peralta,Shower Set,Tapware,Current,,4,,,,,5.5,Gloss White,1014.69,1314.72,22.8,No,W28234-22,,WMKA28063,2026-02-09
MCS-0472,Peralta Shower Set,08SS006,Peralta,Shower Set,Tapware,Discontinued,MCS-0474,18,,,,,5.0,Stainless Steel,1303.09,1719.81,24.2,Yes,W33062-47,,WMKA21595,2025-12-15
MCS-0473,Peralta Shower Set,08SS007,Peralta,Shower Set,Tapware,Current,,4,,,,,6.0,Brushed Brass,362.76,446.49,18.8,Yes,W55254-62,,WMKA25198,2026-01-09
MCS-0474,Peralta Shower Set,08SS008,Peralta,Shower Set,Tapware,Current,,4,,,,,5.0,Matte Black,738.04,959.34,23.1,No,W32910-51,,WMKA22203,2025-11-23
MCS-0475,Peralta Shower Set,08SS009,Peralta,Shower Set,Tapware,Current,,4,,,,,5.0,Matte Black,1202.75,1597.41,24.7,Yes,W73692-40,,WMKA21530,2026-03-29
MCS-0476,Peralta Shower Set,08SS010,Peralta,Shower Set,Tapware,Current,,2,,,,,5.0,Gloss White,446.95,542.84,17.7,Yes,W44969-74,,WMKA23329,2026-08-07
MCS-0477,Peralta Shower Set,08SS011,Peralta,Shower Set,Tapware,Current,,3,,,,,5.5,Brushed Brass,1277.23,1709.46,25.3,Yes,W34146-48,,WMKA21643,2026-04-28
MCS-0478,Brightwater Kitchen Sink Mixer,07KM001,Brightwater,Kitchen Sink Mixer,Tapware,Current,,4,,,,,3.5,Stainless Steel,645.84,884.7,27.0,No,W52250-78,,WMKA20647,2026-04-13
MCS-0479,Brightwater Kitchen Sink Mixer,07KM002,Brightwater,Kitchen Sink Mixer,Tapware,Current,,2,,,,,5.5,Chrome,242.9,319.18,23.9,Yes,W36103-14,,WMKA22294,2026-04-15
MCS-0480,Brightwater Kitchen Sink Mixer,07KM003,Brightwater,Kitchen Sink Mixer,Tapware,Current,,2,,,,,3.0,Stainless Steel,757.85,907.68,16.5,Yes,W87761-59,,WMKA27086,2026-04-23
MCS-0481,Brightwater Kitchen Sink Mixer,07KM004,Brightwater,Kitchen Sink Mixer,Tapware,Discontinued,MCS-0489,24,,,,,4.0,Gloss White,244.55,304.68,19.7,Yes,W58402-92,,WMKA27465,2026-08-21
MCS-0482,Brightwater Kitchen Sink Mixer,07KM005,Brightwater,Kitchen Sink Mixer,Tapware,Current,,4,,,,,5.0,Matte Black,652.06,826.24,21.1,Yes,W28277-84,,WMKA20414,2026-08-05
MCS-0483,Brightwater Kitchen Sink Mixer,07KM006,Brightwater,Kitchen Sink Mixer,Tapware,Current,,6,,,,,5.5,Matte Black,611.8,868.32,29.5,No,W67264-20,,WMKA22227,2026-01-11
MCS-0484,Brightwater Kitchen Sink Mixer,07KM007,Brightwater,Kitchen Sink Mixer,Tapware,Current,,4,,,,,4.0,Brushed Brass,644.54,764.72,15.7,Yes,W32503-77,,WMKA28877,2026-06-28
MCS-0485,Brightwater Kitchen Sink Mixer,07KM008,Brightwater,Kitchen Sink Mixer,Tapware,Current,,2,,,,,5.5,Gunmetal,313.43,376.1,16.7,Yes,W99680-21,,WMKA27755,2025-12-01
MCS-0486,Brightwater Kitchen Sink Mixer,07KM009,Brightwater,Kitchen Sink Mixer,Tapware,Superseded,MCS-0485,6,,,,,5.0,Matte Black,399.4,515.56,22.5,No,W94182-16,,WMKA20093,2026-04-24
MCS-0487,Peralta Kitchen Sink Mixer,08KM001,Peralta,Kitchen Sink Mixer,Tapware,Current,,3,,,,,4.5,Brushed Brass,990.26,1181.45,16.2,Yes,W91573-48,,WMKA24533,2026-05-10
MCS-0488,Peralta Kitchen Sink Mixer,08KM002,Peralta,Kitchen Sink Mixer,Tapware,Current,,8,,,,,4.5,Matte Black,670.67,948.4,29.3,Yes,W14334-23,,WMKA23754,2026-08-04
MCS-0489,Peralta Kitchen Sink Mixer,08KM003,Peralta,Kitchen Sink Mixer,Tapware,Current,,3,,,,,4.0,Chrome,566.18,786.04,28.0,Yes,W37278-91,,WMKA23955,2026-04-14
MCS-0490,Peralta Kitchen Sink Mixer,08KM004,Peralta,Kitchen Sink Mixer,Tapware,Current,,4,,,,,5.5,Gunmetal,774.25,937.37,17.4,Yes,W14495-19,,WMKA23838,2026-05-09
MCS-0491,Peralta Kitchen Sink Mixer,08KM005,Peralta,Kitchen Sink Mixer,Tapware,Current,,4,,,,,5.0,Gloss White,677.39,837.87,19.2,Yes,W18162-85,,WMKA21447,2026-08-26
MCS-0492,Peralta Kitchen Sink Mixer,08KM006,Peralta,Kitchen Sink Mixer,Tapware,Current,,3,,,,,4.5,Brushed Brass,777.2,920.41,15.6,No,W52089-69,,WMKA22844,2026-03-14
MCS-0493,Peralta Kitchen Sink Mixer,08KM007,Peralta,Kitchen Sink Mixer,Tapware,Current,,4,,,,,5.0,Stainless Steel,439.06,530.81,17.3,No,W22341-81,,WMKA28764,2026-07-23
MCS-0494,Peralta Kitchen Sink Mixer,08KM008,Peralta,Kitchen Sink Mixer,Tapware,Current,,4,,,,,5.0,Chrome,231.47,302.47,23.5,Yes,W32105-47,,WMKA22660,2026-01-23
